Al,Ca,O
-9.168962195729167,-110.02754634875001,-5.790923492039474
0,2.0,3.0,-12.044389043750002,Ca2O3
0,1.0,1.0,-6.632804866249999,CaO
0,1.0,2.0,-6.6282449575000015,CaO2
0,1.0,10.0,-5.923276192499998,CaO10
1.0,0,3.0,-6.350939445000002,AlO3
2.0,0,1.0,-5.160377423333334,Al2O
2.0,0,3.0,-17.132755040000003,Al2O3
38.0,0,21.0,-109.36164133500006,Al38O21
1.0,0,2.0,-8.013698094999999,AlO2
5.0,0,8.0,-42.009497950000004,Al5O8
8.0,0,3.0,-15.286556609999998,Al8O3
11.0,0,18.0,-90.81797868000004,Al11O18
1.0,0,1.0,-3.104231275,AlO
4.0,1.0,0,-0.9779025849999989,Al4Ca
2.0,1.0,0,-0.9897398250000009,Al2Ca
14.0,13.0,0,-7.096196745000001,Al14Ca13
3.0,8.0,0,-1.7493194450000011,Al3Ca8
3.0,2.0,8.0,-37.43730235999999,Al3Ca2O8
6.0,4.0,13.0,-79.27612649625001,Al6Ca4O13
6.0,5.0,14.0,-86.27213701250002,Al6Ca5O14
2.0,3.0,6.0,-37.48968311416667,Al2Ca3O6
2.0,1.0,4.0,-24.248114885833335,Al2CaO4
12.0,1.0,19.0,-110.02754634875001,Al12CaO19
14.0,12.0,33.0,-203.33661492125,Al14Ca12O33
2.0,2.0,5.0,-30.792044416250008,Al2Ca2O5
2.0,3.0,12.0,-30.6826922475,Al2Ca3O12
2.0,1.0,12.0,-14.069697433333326,Al2CaO12
14.0,11.0,32.0,-197.077738975,Al14Ca11O32
3.0,4.0,10.0,-44.968480527500006,Al3Ca4O10
7.0,6.0,16.0,-99.154883085,Al7Ca6O16
sample
-7.93791251814168,-6.684212876245508,-0.4231932130717281
-7.994146244617362,-6.772752302587091,-0.3855283742502407
-7.358308691413168,-6.385950200407693,-0.8074679921781212
-7.119270346742969,-6.240807768598371,-0.9660786536440004
-7.4321588651724495,-6.440527726963905,-0.757953275774563
-7.096316194712973,-6.131020728951005,-0.9863542780654383
-6.874495811816989,-6.0887282765650665,-1.1286772805463723
-6.46868475701593,-5.799865147599545,-1.4001823219452263
-6.749695615872774,-5.898289932804605,-1.2175215276564268
-7.202593336501198,-6.306708988548499,-0.9099851222203754
-7.599583191001477,-6.472939521434854,-0.6505057123840751
-7.6664644424825825,-6.541514278900779,-0.6046557242135914
-6.879276915308268,-6.033995395758155,-1.1285383141732959
-7.749308071352172,-6.559272275760897,-0.5513988008822648
-8.109033941896556,-6.886825236974865,-0.30696388468507746
-8.54596494675067,-7.175974120771117,-0.01578909826162337
-7.801526227382753,-6.667696228754309,-0.512712389021193
-7.7355268972246805,-6.571194153033821,-0.5594752331063166
-8.224576231992058,-6.92680717378626,-0.23188549426626495
-7.492920416079874,-6.374711559362072,-0.7230415682331284
-7.068638707793132,-6.166777226668762,-1.001952875187561
-6.813425754902696,-6.0238346737138135,-1.1706632955896756
-7.056964501133311,-6.117677305957365,-1.011910264694364
-7.760938876126348,-6.620552675090483,-0.5408277452707023
-8.381677421725572,-7.078301192007874,-0.12469032084396081
-7.77662306274025,-6.610287456961012,-0.5314622178371573
-7.930732226890029,-6.740995646609746,-0.42725073576104766
-7.285376074543161,-6.364275327039614,-0.8546714803785501
-6.890423021092196,-5.996719721067121,-1.1234605460303435
-6.201708532531617,-5.616466459838237,-1.5784514472911766
-6.9700317337355795,-6.165091119349997,-1.0643197065564767
-7.035295248716003,-6.195765517525276,-1.0214862024543523
-6.815291535227433,-5.997952488921377,-1.170847128268391
-7.062848855091162,-6.181072476987637,-1.0048572426667586
-6.436309376524011,-5.717979418236956,-1.424939705906575
-6.091113569576548,-5.564319704663453,-1.6510454636404204
-6.170183702775727,-5.55277808300306,-1.601713885917801
-5.3179109400916325,-4.9567919612646865,-2.1713591108624066
-5.428938724089723,-5.077531969130832,-2.0948815626601314
-6.172989367965651,-5.631599996324818,-1.5957933650967038
-6.042091687820723,-5.489137242225088,-1.6859636238250653
-5.601124457012385,-5.123550953797953,-1.983710626884391
-5.8339647998801265,-5.330147891110163,-1.8257800452146487
-5.663560862358328,-5.2257184202781986,-1.9388998726406244
-6.154195706952009,-5.599212909030169,-1.6093676292787227
-5.537470453227019,-5.1161522931999714,-2.024302558780305
-5.910047882007041,-5.315799460644227,-1.7784827528432259
-5.933044111847573,-5.45822414084163,-1.7564627824072367
-5.028234684954955,-4.857241175230961,-2.3595520502136624
-4.719449780888196,-4.607307817289554,-2.567728482147479
-4.272329821530542,-4.262616471479277,-2.8682616852054856
-4.437918749021657,-4.349181269741157,-2.7591231626709978
-3.8188092793269472,-4.000931250501174,-3.168468618227656
-3.6969240546475026,-3.8413560566023746,-3.2538474545461895
-3.921188645434499,-4.107531954323197,-3.098197402590148
-3.179242573381253,-3.5883395618095384,-3.5941208371771283
-3.069583457789525,-3.51239868288863,-3.6673761143361623
-3.0259918730403124,-3.4687181617366627,-3.697206616343663
-2.1774029866823335,-2.9424295470381083,-4.260856892711784
-2.196294709005336,-2.922956735093341,-4.249950163452244
-2.334411892873872,-2.9543226054813903,-4.1610674225674815
-1.6259374808589027,-2.4842061264512063,-4.633267918525893
-1.2071946864725267,-2.3222468595149395,-4.906261223766566
-0.5336446185135643,-1.8500382636704553,-5.356514350679831
-0.8638174129398195,-2.0607343212898837,-5.13689489853591
-0.3754684078459051,-1.6918996260378096,-5.464738201503229
-0.6742598263437475,-1.8350098387821963,-5.268495715465413
-0.03979846628799712,-1.5346264554819684,-5.6850178051480045
-0.5723069871889448,-1.8940765504360093,-5.329778208002456
-0.7193451649033451,-1.9642496742081152,-5.233218668194829
-0.5144194506780836,-1.8530499000270737,-5.368498054767681
-0.7740061131934693,-1.9085940292048638,-5.201625208485448
-0.6147605569491442,-1.7950274862237683,-5.308178535744027
-0.389049537084357,-1.7655616028226482,-5.452283700048162
-1.0503451655459088,-2.1509296976304277,-5.014340771819404
-0.8682830372574756,-1.993176501204032,-5.137630178971382
-1.3784009218497584,-2.3652930947578574,-4.795865378515529
-0.956224819174233,-2.040559658374472,-5.079594150541302
-0.35355847313934574,-1.7164185247027257,-5.477285586651323
-0.13307096900608872,-1.4937821702903962,-5.6282585552835025
-0.25839968661559676,-1.623881197223833,-5.542256258533633
-1.1469530279632199,-2.284337245345754,-4.946303829886611
-0.5621692033672002,-1.8111918251056012,-5.340543372802
-0.1467464322002286,-1.502457227330547,-5.619164838685091
-0.9465968516198835,-2.1433386609217293,-5.080265550967877
-0.48283538806822807,-1.7563509757918983,-5.39353530084944
-0.44242562237673205,-1.7384319664507901,-5.420000363883076
-1.0703055627853384,-2.180232796447907,-5.000191936783055
-1.533628192393259,-2.4072900882590282,-4.6956167343037825
-1.2061135332549,-2.2609956164533824,-4.910167807012517
-1.6354772924194196,-2.5874328073586637,-4.621809791176753
-0.8103908280206872,-1.9457680258011654,-5.176688862457926
-1.2473020209496986,-2.3255567391462746,-4.880756071484598
-0.7529366428693703,-2.0004538342204983,-5.210097515794582
-1.2354631139252858,-2.262013010417069,-4.8915776826962905
-0.7925530838228526,-1.9861617531187017,-5.18582882051353
-0.40364362141321336,-1.7887110418866277,-5.4418479921002545
-0.7433997794514565,-1.9714384212339795,-5.217647924952555
-0.888533698500084,-2.11129488523565,-5.118623530605966
-0.4471132805596548,-1.7271681128962637,-5.4176325720598895
-1.2710941819399466,-2.2861602267798378,-4.867802944141622
-0.5029424786818523,-1.8079396984678635,-5.378120889794733
-0.6086932640399109,-1.7921720400832035,-5.312160796851994
-0.9493177915693223,-2.0987588512166537,-5.08089336835271
-1.1789582818639566,-2.2484989658573116,-4.927976210553958
-1.3534683386731943,-2.390138240273646,-4.810304633915686
-2.0371942581625495,-2.7444846319589287,-4.359827927307394
-2.1055640181942583,-2.890564855423296,-4.308958593420822
-2.4000251386707423,-3.1020513087537167,-4.111852282944599
-1.5669439572339083,-2.512867158646492,-4.669018510699822
-2.2189592474239306,-2.866797173656499,-4.2385914845266495
-1.360078258565278,-2.4243763851816045,-4.804327940041319
-0.5238702515144207,-1.738462039989266,-5.368560067925668
-1.000904916079219,-2.089956945981828,-5.04877528472724
-0.9105258664686199,-2.105954912361804,-5.105014791513936
-0.781643696258725,-1.9828114943382074,-5.192895289437216
-0.015116704951174358,-1.3986255685043292,-5.70776422741219
-0.5651206273006686,-1.7550179564984139,-5.341635834981241
-0.1976993793124779,-1.5863188278179088,-5.582570261535914
-0.02395009740088195,-1.4517353089302356,-5.69938999321101
-0.31117292806670244,-1.664496603182942,-5.5067881373035075
-0.7617227866701213,-1.894898329569665,-5.210103925217836
-0.9114679919810876,-2.1269595831031425,-5.103314255888096
-1.3129040833069898,-2.3102042229401305,-4.840131217164527
-1.6666477272083273,-2.5646669021714836,-4.603321406319926
-1.6379753049519206,-2.5875494473579783,-4.620225960103631
-0.8306493604990173,-1.9319977636277856,-5.164618750480738
-0.12867430463986307,-1.4727464899963065,-5.632142537003966
-0.579072886893081,-1.8793977285448606,-5.326277577762536
-0.19802743630816103,-1.5811093522157813,-5.582637250570332
-0.8435541898826924,-2.065254667239027,-5.149454810679931
-1.2021389148031647,-2.199485992127739,-4.915915440999173
-1.0133801674238223,-2.0564149802909837,-5.042661545230166
-1.5325092062547332,-2.45204243459796,-4.693968075741855
-2.202028630688155,-2.9826834968277005,-4.243185225456023
-1.851799824168451,-2.7330514835423725,-4.477520893430854
-2.2106800723106272,-2.847928678303042,-4.244813515932602
-2.543764725806867,-3.112757574872243,-4.0205058981155455
-2.8636063470890987,-3.423508066148197,-3.80214537460698
-1.9619815451936755,-2.7821134221808514,-4.40535023074974
-1.3449751758762556,-2.3397085373663926,-4.81832293162466
-1.7815716638318437,-2.6611838296910246,-4.525658029109309
-2.298150048027917,-2.9318534627276525,-4.185152226825649
-3.1980162236612775,-3.5223624523929553,-3.5857362743379855
-2.7765119899098982,-3.337689594490074,-3.8616690987021665
-1.9620269686930685,-2.7794139946975935,-4.4054636173545045
-1.9388712521685132,-2.743551964223493,-4.421975755710756
-1.2786468333383971,-2.249443114674919,-4.864965328106018
-0.8234691390945766,-2.0284885503531833,-5.164075164697995
-0.6252433094339648,-1.9270587446798895,-5.294608836361187
-0.6584128191762008,-1.8906693052815062,-5.275574905966005
-1.5161376312395307,-2.4829796819371306,-4.702679741680974
-0.6163198899656562,-1.83079754086637,-5.305311059383987
-1.107197292979355,-2.2198683724587527,-4.974805813712579
-1.5863850715167107,-2.440501380338282,-4.660548637379537
-2.021447915182215,-2.8584897854725644,-4.363772714794256
-2.282814052448127,-3.002514354705138,-4.191119124456176
-3.010982911065738,-3.483529566806883,-3.7059064131133828
-3.345441447774931,-3.7117258881088246,-3.482659109860106
-4.042397681395269,-4.214996994389578,-3.0159882725061684
-3.3969460453164992,-3.7010536793265456,-3.450691585559235
-3.0923377668707044,-3.567263497371169,-3.650117349943705
-3.7763268517108455,-3.961187747008716,-3.197391388484797
-4.1452679116376885,-4.245729802235288,-2.949400084571708
-4.883417185596425,-4.690694448190867,-2.4597813512316864
-5.7596161219740525,-5.246724823617685,-1.877127792707563
-6.60564908697918,-5.77918081585859,-1.3147671836390131
-7.4993005626631755,-6.394872151403172,-0.7179509181783542
-7.56572985997552,-6.494620454556888,-0.6707456618150986
-7.010353987801152,-6.068059197193009,-1.0439599630496401
-7.5485346274618825,-6.508664185912495,-0.6808666649102588
-7.376976836180168,-6.330589785674053,-0.7985912909954708
-7.5948739092531286,-6.449576847799605,-0.6547096099954132
-6.7392588054727325,-5.908027077650664,-1.2236007160750815
-7.154196416141782,-6.232842450387806,-0.9444393107716217
-7.867007116044641,-6.6467406969428895,-0.4724589610142856
-6.958345589749144,-6.052052994191351,-1.0776498040825746
-6.489928968691347,-5.79521941108248,-1.3870094375458617
-6.9609405500857955,-6.1367415662529,-1.071553588498292
-7.012344567301455,-6.188542296159934,-1.036361539209085
-6.340178984168534,-5.6575450869723145,-1.4888343921976461
-7.2317026214267806,-6.270095552552129,-0.8935273336356054
-7.7256581546298335,-6.662981326118744,-0.5608772193196447
-6.91528114369456,-6.112095936401728,-1.1016882467375564
-6.290621446116789,-5.684335366007771,-1.5187238752284615
-6.010668699400894,-5.415489650951675,-1.7096859107888207
-5.331232694231105,-5.038720050637239,-2.1586333667020794
-4.659985651205951,-4.535668144270686,-2.6090552836846266
-4.094186335454208,-4.221763246014711,-2.9829235303834105
-4.2597147874032375,-4.303743543528478,-2.8740644924411938
-4.779392261378582,-4.64908400645852,-2.5276713266183424
-4.37826036392891,-4.435870113076465,-2.7922395720277167
-4.662801208595811,-4.520385031938533,-2.608081411245355
-5.309066131561316,-4.986866453826483,-2.175362437694091
-6.034261237226836,-5.438495928362087,-1.693574503877152
-5.278218759300131,-5.029047409035781,-2.1926249383217185
-4.560083005643199,-4.527073125613993,-2.672604060811454
-4.9122472187246995,-4.753485987753718,-2.4382680913842045
-5.6330253340648255,-5.2579129847854364,-1.9564910186940345
-5.838375017176524,-5.3576463249877975,-1.821547358823364
-5.92995434618623,-5.363356405556324,-1.7634072520504698
-5.686791362648889,-5.28575054670126,-1.9210683921190568
-5.997914854498814,-5.48745767841955,-1.7139531798076149
-6.744622295650905,-5.907433908838595,-1.2202444680052917
-6.238277714539746,-5.669365372885635,-1.5525709684940754
-5.521522392777145,-5.0824742172483175,-2.036147548325049
-4.7368474868390225,-4.645396874794411,-2.554735770099333
-5.629048514549142,-5.226012685373236,-1.9606816573045822
-6.346826569881136,-5.725482105447357,-1.4810602844594218
-7.043126481216141,-6.177900390741706,-1.017480430706032
-7.019645853704052,-6.062897005477481,-1.0383631104644153
-7.401725052410438,-6.359352722700919,-0.7814469998486222
-6.776120190671036,-5.9290887245721695,-1.1992113334802843
-6.381735940685539,-5.767834696784598,-1.4567831770388913
-6.454646177429096,-5.707086682982684,-1.413931870348325
-6.668827264779181,-5.824505246654988,-1.2724796802497287
-6.853205514745478,-6.0327231002304265,-1.1450714248196756
-6.888918319847931,-6.088376911875517,-1.1195868209841744
-6.408555952462802,-5.770085856417267,-1.4397257401462695
-7.196629988643722,-6.29993768246126,-0.9141078317138985
-7.43831138596565,-6.455363065331389,-0.7532866658858324
-6.68154918791996,-5.908391318554881,-1.2600297250081895
-6.291127464789265,-5.649730622306641,-1.5202255867880095
-6.7400620872746355,-5.869263341378749,-1.2251335768460858
-7.4432166477684305,-6.419427467140582,-0.7520799530730661
-7.941864911917711,-6.782820887080785,-0.4180182378240361
-7.7619613270866274,-6.595332180905552,-0.5415093812002589
-8.448299599499398,-7.1304224887862615,-0.07986992978794577
-8.221855594461191,-6.977032755783866,-0.23096033997009702
-7.635251919293238,-6.563980641191587,-0.6231864566336608
-7.760161056141471,-6.5667604809243505,-0.5441501681119998
-7.809477754179652,-6.695163097977195,-0.5062447474008934
-7.35148482653836,-6.327725644754043,-0.814842251870297
-7.1046086575092895,-6.1950194238883745,-0.9777485807763235
-6.579855659771367,-5.903724369505081,-1.324502845367817
-7.198584295694065,-6.201357307935965,-0.9180619732886978
-6.468777314358682,-5.82816231808552,-1.3986345399136997
-6.270248434229573,-5.68409563958341,-1.5316036578111432
-6.0535733432680825,-5.522436914006497,-1.6769594376592902
-6.0195296284988,-5.457227030437644,-1.7018928303329874
-5.477947441099448,-5.069784283843481,-2.0643364616691127
-5.563880445174386,-5.20168863926729,-2.003120650915268
-5.133707176187033,-4.874207139526182,-2.2920448997357594
-5.8127279987700575,-5.368986953124893,-1.8371486005465483
-6.257034854444227,-5.663397225659519,-1.541038466829461
-7.062204525970592,-6.226765064099598,-1.002859314368595
-7.825958722889306,-6.669345124981643,-0.49719455521561556
-7.056060278465435,-6.157158603471868,-1.0104033896680482
-6.190575697603338,-5.556241523309193,-1.5886524449579347
-6.4631877978475165,-5.75236002482414,-1.4061543552502977
-6.24660787388561,-5.6522398414408626,-1.548211158983254
-6.6054349353254596,-5.824717185894458,-1.3125057862605283
-6.878021722536862,-6.104300384484404,-1.1256308049380663
-6.998785606093948,-6.158401057579128,-1.0465114746338682
-6.601587353686814,-5.845746526428153,-1.313829030425267
-7.088507371643724,-6.130768003433236,-0.9912994676627412
-6.715224030015714,-5.901253533484461,-1.2391370765829983
-6.763268582227889,-5.981797335109986,-1.2045540014160712
-7.31295299854539,-6.273514882250579,-0.8420313412607761
-7.809932538264525,-6.705871318056638,-0.5053939248167925
-7.734949040245555,-6.6717299364557885,-0.5545488383867136
-7.907613876893597,-6.700703640339298,-0.44397243082565957
-7.350935158881082,-6.361090874590596,-0.8134333456624427
-8.050251702086667,-6.762256941389022,-0.3506457359116305
-7.852172047530104,-6.635681057703217,-0.48241056424660717
-7.856199216069944,-6.733709178482424,-0.4747077146014869
-7.266378347543263,-6.299669370145758,-0.8700703583202679
-7.983256044553012,-6.761318608206293,-0.3930081687319768
-7.9561839977960105,-6.771718933312077,-0.4095589179939896
-8.312795286047049,-7.037428135076879,-0.17034604111097548
-8.322399342278466,-7.04285550643149,-0.16399467026194328
-7.701776699974308,-6.548526453992468,-0.5819841839508343
-7.341604036226431,-6.371563698053443,-0.8187754850515471
-7.051939583101202,-6.095710052660464,-1.0162400683618482
-6.618232354229208,-5.856007725115395,-1.3027763354149533
-6.362665822363347,-5.629654145253023,-1.4761001229019373
-6.998920383976789,-6.175329472365703,-1.0455353825612017
-7.739363325586341,-6.5568145238188364,-0.5578090483102666
-6.971507302869086,-6.130240903571265,-1.0652219900394575
-6.994530865922573,-6.090432067675637,-1.0527759942107102
-7.313578711971757,-6.323533717031663,-0.8390035835819607
-7.330253178570948,-6.4006755173245615,-0.8244122467670557
-6.78349217089126,-6.031460597648112,-1.1891673526529878
-6.432602127204309,-5.737169787506229,-1.4262711070943195
-7.22757442372418,-6.252798844540908,-0.8970449694483649
-7.760953149260579,-6.682502122127137,-0.5375582334471537
-7.65773309704418,-6.51263442659388,-0.6116902504013663
-7.068978276811411,-6.195679689657836,-1.0002172282818547
-7.014170209553461,-6.132297687049025,-1.0381687445820764
-7.269177742884306,-6.247766781726891,-0.8710340343374442
-8.101194702808192,-6.8032372805645425,-0.3163143491835344
-7.736974922588168,-6.66151351800426,-0.5538070399835648
-8.099678887028425,-6.84793919656168,-0.31491897409722264
-7.277518376281572,-6.321308925688555,-0.8618956267201362
-6.804116207256503,-6.022550762589384,-1.1766105841622412
-6.84808523722785,-5.981209832230863,-1.1510165089360491
-6.465619614467283,-5.778423372338817,-1.4032467159370423
-6.639703083498313,-5.9369376200495285,-1.2849564066695114
-7.380849421887161,-6.3105607009229505,-0.7971996097463744
-7.457150111827169,-6.468086584677918,-0.7407188643234762
-6.89644913967308,-6.094094890854222,-1.1145295674641482
-6.375679568951208,-5.6496448971112185,-1.4668287696960156
-7.115275793836713,-6.136513655963081,-0.9740906929866507
-6.756444771813666,-6.023332213614675,-1.2066777301774385
-6.345848710104182,-5.734735974460451,-1.4811908343704934
-5.689335024532139,-5.1666244968250075,-1.9257316609231228
-5.286928754708171,-5.011626182565829,-2.1880407952466383
-4.456334390525243,-4.360990490860385,-2.7468706932414055
-4.6592828824147405,-4.561340580634649,-2.6081479567967616
-5.573789588573651,-5.23177571526183,-1.995278714242335
-5.646087328510353,-5.277243934330889,-1.9472239195944672
-4.998354395018978,-4.747536381546657,-2.38419774878819
-5.391673977768724,-5.01917875903246,-2.121488413499624
-6.232139213156752,-5.576557141375704,-1.5613325604996462
-6.914066125655379,-6.09245355500745,-1.1034894360988428
-7.431184882197205,-6.4575885334325775,-0.7576704857342609
-8.24226884845493,-6.987996801495724,-0.21749070346290092
-8.311475288187925,-6.986900161516461,-0.1738390909988651
-7.752195504956455,-6.6616942467943705,-0.5441845285514831
-8.121105544513341,-6.906131870400814,-0.29832357600995224
-7.550300867291326,-6.541722577599781,-0.6780112296660161
-6.772887504100873,-5.985454684735471,-1.198286400779161
-7.254836439408321,-6.335188290685239,-0.8754905676402588
-7.38774222721685,-6.393983799573429,-0.7884555696091773
-7.012753682437062,-6.1041738409958315,-1.0405435957110218
-6.096385949030822,-5.554244255400101,-1.6482458265778972
-6.942902474646251,-6.123840491059932,-1.0836250611544764
-6.15527096107484,-5.502335611825169,-1.6137873265277243
-6.190093303608496,-5.5475174326848045,-1.589416277513855
-6.936265957922224,-6.005452648920517,-1.0940474844611996
-6.549198220253893,-5.879091169822225,-1.3451619229411085
-6.614283402909533,-5.794612494131113,-1.3085017378791843
-6.934541533470858,-6.128624379388047,-1.0886538719848242
-7.8271664976857735,-6.664869532187327,-0.49666730759649425
-7.4891672382537,-6.452226427885723,-0.7213322664115723
-6.864000594500234,-6.084922529209701,-1.135506141344079
-6.645993651027324,-5.817832428575102,-1.2872521109393165
-7.034886109856778,-6.1854823952664635,-1.022285822905379
-6.222657769437479,-5.580177247644966,-1.5671303088344883
-6.414396344431272,-5.752008718819444,-1.4369884998292257
-6.1818733380203685,-5.5964418925873405,-1.592032863153592
-7.0434072255906015,-6.1618952772783375,-1.0181454928623395
-6.737495359329346,-5.8911490932452555,-1.225602786502768
-7.47311859994996,-6.375439263944387,-0.7355096781792676
-7.0732738462275035,-6.173944013926765,-0.998648220004905
-7.795919220518906,-6.7142241559327775,-0.5138048182415972
-7.134775027000598,-6.197513442523469,-0.9585648727483878
-8.009840431150286,-6.770514181024504,-0.375734052311688
-7.839783113906706,-6.698072984609228,-0.48695136827685814
-7.7122744946573265,-6.574559575644919,-0.5739838335377458
-7.524242748387904,-6.427784949591202,-0.7004657062370502
-7.530331932049536,-6.440362755769826,-0.6959579162308286
-8.078771730045151,-6.764899677718371,-0.33249399528893825
-7.292325485241301,-6.239290037912946,-0.8568605519969181
-7.9185591354710265,-6.7819122911191325,-0.43278549641992337
-7.375234476660951,-6.422300117256392,-0.7948648690295894
-7.719941328889047,-6.623996307068151,-0.5665396892112258
-7.04681265363575,-6.095995044105582,-1.0194631295271275
-6.915227317967559,-6.080068714127228,-1.1034078852111622
-7.619885705664107,-6.574200951534908,-0.6323535225918849
-7.9944063621275845,-6.725205647517525,-0.38786654503691953
-8.124500114430504,-6.918899038556046,-0.2955076808962061
-8.303867235389962,-6.930454214473539,-0.18161501629457424
-7.9676599532257155,-6.769551561528736,-0.40242501834277244
-7.691430928051585,-6.549770811848698,-0.588452863172751
-7.5382423388585105,-6.540683097089876,-0.6856818518609479
-7.523404141272605,-6.4262243787683815,-0.7010774881426506
-8.299119432557925,-6.9867709689638104,-0.18164958889953164
-8.004891956629931,-6.7543369233156945,-0.37971083925658594
-7.199579137565213,-6.240583382679799,-0.9153691218572444
-6.3906588460051825,-5.7791106896570055,-1.450554184580569
-6.904400557592905,-6.087188440755701,-1.1098711166778659
-6.53431550387928,-5.766427637494823,-1.3604911928791483
-6.120273862287423,-5.53120951753611,-1.6343710780928848
-5.404698380065906,-5.114442787127867,-2.108248578991119
-6.313707849662359,-5.599276674384992,-1.5086197620219315
-5.789703242068104,-5.2429968941191625,-1.858321607884926
-5.439004165860012,-5.052821907732277,-2.089824971089347
-5.453964781810396,-5.140591743595224,-2.0757566959700013
-4.739989672117934,-4.615252129280092,-2.554337797581826
-4.667400650354662,-4.593954872759524,-2.6013044037755018
-4.723634607231738,-4.645906551707373,-2.563053921592725
-5.5153295631161825,-5.113046316001703,-2.0384497513344266
-4.957367809447208,-4.716479530859567,-2.411718584448629
-4.64751794339165,-4.585521848831626,-2.6143057462746624
-4.355478978349931,-4.292006957533365,-2.814199560579867
-3.5480113971391805,-3.753735510605289,-3.352509161709187
-3.7362222951645156,-3.872513018226985,-3.227387673081518
-4.51378918674342,-4.467867323831357,-2.7049583570525053
-4.1617513296340185,-4.244321726700202,-2.9390636140232416
-4.073082510402982,-4.138082183298985,-3.0006565284534332
-3.72067506101398,-3.988619203112604,-3.2310961270247183
-4.495047681861804,-4.48250623955531,-2.7160246277291082
-4.236526359727517,-4.3078690031625735,-2.888492685729328
-4.7785395479860595,-4.6816540317381286,-2.526495670588377
-4.341707485812407,-4.320531260553343,-2.821396066234094
-3.5000482677604543,-3.73729332422576,-3.3836670427052
-3.1420923605399613,-3.6057759074674482,-3.616666427094896
-3.2598684625044254,-3.650815579587143,-3.5399110115320926
-3.690156146021888,-3.9200080171138603,-3.253982346282815
-3.2548348495792774,-3.6860974034181084,-3.541233197388451
-3.8449902513037624,-3.972373696526593,-3.153436296662014
-3.205312618563183,-3.513426905570283,-3.581598316864291
-2.4783614491588644,-3.0828194346783424,-4.0633889223244894
-2.042227604671388,-2.741312576264952,-4.356815921917284
-1.7122676664862204,-2.655553606089293,-4.569725302359267
-1.016168574678361,-2.07099344571638,-5.040133158257542
-0.602422100417661,-1.8429480263658227,-5.3134491114406455
-0.29940936857797007,-1.6260685421355972,-5.5162402833515145
-1.1587744325804457,-2.2159730204511945,-4.942435796701761
-1.2215103538174283,-2.2676354585832077,-4.900094033913561
-0.5998814894259498,-1.800461163519391,-5.3172898585325905
-0.7037191553891917,-1.8801855692578673,-5.247512153411676
-1.0488332073332804,-2.1748083428341074,-5.014038921995607
-0.2246997887430711,-1.5584558394655748,-5.566983844440399
-0.3774217206654808,-1.7083459578817692,-5.46263893383592
-0.9716505008429722,-2.056427657590178,-5.069016456897061
-0.6166540123102264,-1.908501322488339,-5.301010362028366
-1.0618808732930634,-2.167172531659833,-5.006200175661759
-0.41209079156766953,-1.7421981869548226,-5.438960982262271
-1.0025371878862297,-2.1508192288930177,-5.044541098169591
-1.1010031127607747,-2.1571694767829253,-4.982017869412515
-1.3484464117822057,-2.287722953860316,-4.818866655447539
-1.6612766413414928,-2.4989233740166408,-4.610173856770287
-2.14903907933878,-2.941332360144751,-4.278828686133679
-1.9857658102999263,-2.7829793944270387,-4.390283012143361
-2.4357610190364296,-3.003491346762594,-4.09446961966054
-2.1184518314903906,-2.8650487740029678,-4.302161873519071
-2.0476051702093887,-2.867851034460924,-4.34675964588297
-2.796583095945727,-3.3810506030973646,-3.846710452331785
-2.0997221868576705,-2.905866012008796,-4.311842847076272
-2.4822421222506237,-3.127790675620386,-4.058571063480112
-2.1971087299619554,-2.881702554520502,-4.251607317615055
-1.7834779545500952,-2.7033546305782474,-4.522234540187927
-1.4589025308641113,-2.457354154366076,-4.740176938106031
-0.5496507954733506,-1.8198719756244728,-5.347992885655017
-0.8788275983760797,-2.0230660390051103,-5.1293973225911556
-1.3731850325719988,-2.3609163096863286,-4.799389981484194
-2.2740114382672596,-3.032945232076297,-4.195077045129821
-2.1230413612043755,-2.8985852958191294,-4.297498143077809
-1.7872760395318525,-2.6037695790345268,-4.525077068175435
-1.8208336980286959,-2.7055326537603914,-4.498526806244487
-1.483608708805957,-2.44919082491623,-4.725002685166436
-2.3149917064948,-2.960814781633102,-4.172991109956805
-1.7198635311498804,-2.6428002010293206,-4.565599145995901
-2.226385184682677,-2.8845818831985492,-4.2329653815452275
-1.5611484327123215,-2.526519995459721,-4.671960271618023
-1.9137272570322963,-2.713257170316698,-4.439450636528724
-2.366791961924847,-3.065701738289228,-4.134754793019085
-2.034875234107936,-2.870864710044452,-4.354640991021596
-2.7111257941271285,-3.2162745549974914,-3.9093559086435254
-3.297413717443085,-3.71821665992533,-3.512650793658298
-3.7960460281239077,-4.019535895067927,-3.181866216641852
-2.9291691535572655,-3.356787462605315,-3.764248897024079
-2.9983601053521234,-3.4966748113204176,-3.713186856484427
-2.188222963939723,-2.871408296124609,-4.257761183439406
-1.8419750461250606,-2.633407807712419,-4.488970420396678
-1.3818488755082226,-2.3680198750671475,-4.7935442088202205
-1.1103700443452567,-2.1865169565391094,-4.974557308424622
-1.6530001472248208,-2.4832217976232154,-4.616227514969944
-0.9973943990801554,-2.140469757645687,-5.048333884323287
-1.9130004479923044,-2.7426796640129467,-4.438361121517337
-1.302669994462922,-2.343428936535949,-4.8448461830873155
-0.7902755752028485,-2.034144955208858,-5.184741815321419
-0.2065949905937456,-1.5379167147356547,-5.5794994603626
-0.7029481591915318,-1.9456867603311734,-5.244551667269498
-0.7302984158394791,-1.9564211664402558,-5.226712852222947
-1.0552281157915286,-2.127982989979062,-5.012464524698559
-1.4641730084371056,-2.4279937913111835,-4.738393497694398
-1.6274370008296861,-2.5794422951384903,-4.627308423350278
-0.7765056596710606,-1.9616723649332761,-5.197252950934947
-0.6265462651088326,-1.83263453092904,-5.298755612448157
-0.7180038350100886,-1.9297153691073494,-5.23588341892219
-0.9682367546468897,-2.1645509771500806,-5.065481806096697
-0.4075063271152365,-1.7264461432848501,-5.4426854884253855
-0.7778044771423936,-2.037746467401583,-5.192428745033669
-1.0335277128200628,-2.126362693637433,-5.02625532111957
-0.6980598818623085,-1.9596419688683415,-5.246904515659683
-1.1131846451485727,-2.2434930512126825,-4.969780923987076
-0.4969578837856057,-1.800349222696085,-5.382300132664561
-0.84201802615639,-1.959380692941837,-5.155997333785868
-0.7761403055124276,-1.9646137073968162,-5.197328893431793
-0.1525116481610224,-1.506081051158416,-5.615332922087333
-0.8573629132317492,-1.9844037434674007,-5.144988823500086
-0.3188635481964591,-1.598577099502671,-5.505400351099465
-1.0013879844886429,-2.1608251385981885,-5.044740284015163
-0.8535258847309217,-2.0279762931206315,-5.145118917834648
-0.27348798250000456,-1.6398053463360789,-5.531888695390204
-0.9173725391152537,-2.08652399382094,-5.101713257134001
-1.0108979162546534,-2.125302270973654,-5.0406036359326585
-1.1819785210693323,-2.283550607224168,-4.924223867825992
-1.764006976380081,-2.55173164539851,-4.542512157199502
-1.3852865218458372,-2.30249709030354,-4.794821631384022
-0.6673292166503046,-1.9526336641807682,-5.266682214987663
-1.062971058976262,-2.082355505811294,-5.009975691327557
-0.366674538212522,-1.6219871781746036,-5.473971826948692
-0.3095603521170876,-1.6704882450569267,-5.507491256752002
-0.23540992476919495,-1.6155567809192384,-5.55721423529476
-0.5438062120034343,-1.7975243124808553,-5.352860394327787
-0.42443726701799334,-1.7977205221634607,-5.42824098012477
-0.7871127859555668,-1.900327090007757,-5.193782411961866
-0.20049344234932606,-1.6505807270250967,-5.577423384922789
-0.525489709538964,-1.823866934477956,-5.363042257884447
-1.0322513577912085,-2.188115030272954,-5.023811317104345
-0.6788737793997645,-1.9171260901908107,-5.261259731882212
-0.8884998925597354,-2.099249997177042,-5.119278823202955
-0.7135455423038652,-1.8496180863962564,-5.242914829195125
-1.238925172852875,-2.335754883313758,-4.8855099679579865
-0.33307520769442456,-1.7237276207696473,-5.489837696613014
-0.32564067145076153,-1.614948716531855,-5.500258398674159
-0.7297230845510957,-1.9411361156866183,-5.227880695707907
-0.9058839337153449,-2.0172535703544803,-5.112615030200599
-1.4271335715619509,-2.374473536456894,-4.764603681765775
-1.6273360904021634,-2.4885190343170596,-4.632157591031947
-1.3223454909431671,-2.3237570290457223,-4.833454917283488
-0.9230802066163231,-2.0244818682226673,-5.101373789533235
-1.6955459095377952,-2.6266701811027855,-4.5818065922733515
-1.1608238463836003,-2.1791357536960643,-4.943080233602671
-0.7366854488419531,-2.0100048905525134,-5.219858740636529
-1.4164062619084985,-2.4219215119352993,-4.768881562837512
-1.7988407420500598,-2.6389531614426174,-4.515921278037193
-2.5344662518038676,-3.1019600946484798,-4.026946906971322
-2.0819473218068394,-2.788595746576226,-4.329241196867985
-2.534239499613032,-3.1372008078024822,-4.025235344504797
-1.720156453919192,-2.52182947546787,-4.5717810224343065
-1.3899446576520904,-2.3590291528312046,-4.788904279162828
-1.0714374694252913,-2.1532645428161525,-5.000896430148966
-0.17933677289249036,-1.5110751072286968,-5.5981278929900755
-0.650591355062232,-1.9016197671821489,-5.279938437937951
-0.4049162817943281,-1.711526727785357,-5.4451065389175115
-0.3468771481928074,-1.6937781732830204,-5.4826969682712265
-0.4325108365278768,-1.682265290242401,-5.4292184747459515
-1.1303767874557447,-2.1376357630876646,-4.964494165062811
-0.29201659710263306,-1.5950703629281462,-5.522540885294225
-1.1635137759887633,-2.257559430252879,-4.937253768770104
-1.2760948787825572,-2.3362100825354775,-4.86201040635915
-0.629597790467768,-1.9136904197862408,-5.292562233860555
-0.528792811114381,-1.840392127611156,-5.360086341461383
-0.7130061821856515,-1.9149157142397728,-5.2398187604359165
-1.147807291195296,-2.178260194489732,-4.951347297890354
-0.8868161480888883,-1.9870572683506098,-5.126247121228039
-1.2357053771227362,-2.2376125501545894,-4.8927089091117155
-0.33293509843914215,-1.7067120718302058,-5.490821741876322
-0.5976062396806715,-1.9062805073520386,-5.313157419222627
-1.1649570057242535,-2.2017869966854224,-4.939277646493345
-0.4844393576475893,-1.804888606209862,-5.389967655303636
-0.803124591808638,-2.0434377304254143,-5.176137553506365
-0.4166375831465057,-1.793927435459745,-5.433366732396432
-0.5998281376439708,-1.8214256136931544,-5.3162201622804846
-0.026610982129936393,-1.5337652394864338,-5.69339206966865
-0.9382600161380729,-2.0615845124387806,-5.089833770666019
-1.6951756950287908,-2.5659291545806555,-4.585237308095993
-1.8703733945869447,-2.648626088022254,-4.470233659246548
-1.4162279192978622,-2.413312805246717,-4.769447290101524
-1.1317628767469476,-2.1897160191733995,-4.9608776741375396
-1.2487508679950332,-2.2690656074688302,-4.882814227649515
-2.0862284636485633,-2.8018319375050065,-4.325840676182223
-2.788879689286146,-3.2624024191864596,-3.857820403059463
-3.35024170349162,-3.6768648439353018,-3.4814621612060668
-2.7353520415810895,-3.2312302397520067,-3.8932679794749956
-3.35182337995705,-3.7005253524806037,-3.4792179177255163
-2.678567148512506,-3.2296455179838204,-3.9292155288745323
-1.802950439131981,-2.58205180386996,-4.516320488173489
-2.5042548467045136,-3.1656633135235985,-4.042674993409066
-1.6323622364493953,-2.470311743221057,-4.629941461480853
-1.9113009225663753,-2.7596384965079586,-4.438541935865555
-2.3891743409116954,-3.034754512520581,-4.122247355015214
-2.1582088619103557,-2.9185109141336034,-4.274238373246955
-2.8386273881981765,-3.281514963433785,-3.825394880365163
-3.267726063305143,-3.6269374346840846,-3.536205060758116
-3.4564575147293977,-3.7547356196309365,-3.4102800290719104
-4.332189857190059,-4.34646049952424,-2.8260425033128977
-4.660141915107158,-4.498629733491583,-2.610905980735396
-5.209604767874385,-4.946189454228195,-2.2403210357910104
-4.42841041255167,-4.3586677974540455,-2.76462913687768
-4.449426543805185,-4.374796918586999,-2.7505068897105684
-4.27684630209063,-4.367192261428404,-2.8599051822228447
-4.593821302483137,-4.566490736888125,-2.649221051687591
-3.6860152463277247,-3.873876163848166,-3.259025643629955
-4.448637507014812,-4.400347595567465,-2.7496604562634106
-5.146026910205981,-4.8910504717700904,-2.283377523921481
-5.579153095678852,-5.093149462765979,-1.9991873546230423
-6.3826883179821605,-5.7439910087805135,-1.4574366065359767
-6.841953792419173,-5.978571305711525,-1.1550278702109689
-7.317836235052306,-6.255787484512099,-0.8398802128215911
-6.532348005982339,-5.75472732392729,-1.3623496291070871
-6.1398737153952965,-5.5044944682054595,-1.623398278726368
-5.3767901697071,-5.0736245009285295,-2.1280231479650675
-4.78653091900461,-4.70229260384706,-2.520362248255138
-4.604734391032054,-4.4656048846815635,-2.6476383564044097
-3.9899504261151706,-4.067484772604446,-3.056876655934922
-3.216941854418447,-3.5425119810483117,-3.5727227428779122
-2.5537642621866103,-3.1589456854294733,-4.011759448267433
-2.6582675430746505,-3.2886182810387092,-3.9389325026745
-2.3141353093580794,-2.9923947794812804,-4.1718698872090405
-2.668564369984158,-3.257798137161358,-3.934051356409408
-3.3873165785614767,-3.7631536386195297,-3.4535049351259346
-4.205077588675116,-4.263995986198625,-2.9106641736026306
-4.505354521753058,-4.411585068449814,-2.7132477378559727
-5.342165851767204,-4.9460381224123955,-2.1566062107963773
-5.539575176176784,-5.0941169710253735,-2.0241330138738536
-5.707649935877003,-5.189236708438913,-1.9129742320940553
-6.403857872298487,-5.66185230545938,-1.4483894513530933
-5.754614504320285,-5.328553381470253,-1.8759799429177018
-5.302957710996573,-4.990790037353863,-2.1790138831282775
-5.790360548269395,-5.364846307587927,-1.8514933401015443
-5.769891903068436,-5.291043727562604,-1.8683052518087455
-5.626108793542523,-5.224387509189911,-1.962623858792096
-4.947585904774293,-4.767244387043623,-2.4152247949692036
-4.323808080119271,-4.257603691735905,-2.836012931346466
-4.820797026784375,-4.631643654470363,-2.5024388617298494
-5.267418285489864,-5.013486188603836,-2.2002653018035683
-6.002382099770306,-5.471001019453078,-1.7119979016870137
-6.369833798369368,-5.642305931300473,-1.4709070966851117
-6.067086528643238,-5.459787295340446,-1.6717221426153004
-6.354861038999016,-5.630038912735523,-1.4810092088434885
-5.679083455703944,-5.191138370522033,-1.9309161320937185
-6.2600571230398545,-5.596296247892572,-1.5426612960199566
-6.012635747457361,-5.438145318850167,-1.707251161074289
-5.482439737128758,-5.125271068014905,-2.05857886501
-5.776832283464888,-5.318611118703614,-1.8624709383404074
-5.641819534816388,-5.15564703389069,-1.9563192051085607
-4.818111014345979,-4.593887322076356,-2.5061224660274686
-4.032664238741086,-4.2083485149595745,-3.0224856299419685
-3.3214213830370474,-3.732810335405494,-3.496719969310523
-3.319245213811919,-3.623648119741281,-3.5038397717508256
-2.6470359908597763,-3.1455599578377886,-3.9535555000313107
-2.8251054000940865,-3.293410697051284,-3.8333089921352466
-2.551153552938741,-3.092958537532117,-4.016881325050158
-2.347822820397023,-2.9436980083141866,-4.1531565524037655
-1.771510601103163,-2.568213875682407,-4.536905539991034
-1.9420887617501659,-2.752882400427988,-4.419452568806317
-2.215562994766404,-2.8924796885500457,-4.2393847748949005
-3.078985277018708,-3.5552441100949017,-3.659183100759506
-3.2973705765283308,-3.681953412568901,-3.514586632517955
-2.9501264600261132,-3.4777607923506006,-3.744645686109792
-2.7170569985781636,-3.2547624779710422,-3.9035842046232103
-2.3942235369191214,-3.035443623964891,-4.119022120092403
-1.881296256760946,-2.693111614341359,-4.460993665961963
-1.0822275038413791,-2.1089209935094955,-4.996415542586525
-0.49712760461986727,-1.7440618026485892,-5.385155436350685
-1.145537732836809,-2.2586154890054964,-4.948551477142253
-1.6009167784563638,-2.529896732054162,-4.646665698695762
-1.5612259950306289,-2.4768032786842187,-4.6745279541946445
-1.197038143676342,-2.310343538655702,-4.913302372946221
-1.8844194055944057,-2.6654290643047918,-4.460478127226965
-1.0651284259621892,-2.0894574688591137,-5.008239356228664
-0.96054792035356,-2.104932462518112,-5.073475728525747
-1.86306818297988,-2.72295305915781,-4.470935531254402
-1.2999915211586002,-2.272772824089896,-4.850256593197733
-2.0926764394527777,-2.8548307029225737,-4.318978861704953
-2.3811552151217903,-3.1044110941383836,-4.1236459301657975
-2.05231982935182,-2.847209445077948,-4.344868365865802
-1.684142477180608,-2.631277514449843,-4.588766268849098
-2.3680672940494856,-3.0353154073827193,-4.135548600672287
-1.997769047890446,-2.7708683804190337,-4.383339441770822
-2.225185967537988,-2.932849084875067,-4.231182402811531
-2.6257049831229606,-3.266435302186697,-3.960665855215147
-2.773979209470677,-3.2386573271202614,-3.868480974104296
-2.641467123111519,-3.141286180929397,-3.9572976152885464
-2.3359769452716113,-3.0619315652976025,-4.154415338957531
-1.7104438768666992,-2.5384407889734897,-4.577041001967165
-1.0882923729360057,-2.121705618820479,-4.991912223931446
-1.1842530297071703,-2.16623042919569,-4.928962082266751
-1.9185677488399375,-2.714991811855804,-4.436302186884998
-1.3827924463429917,-2.3962201185177068,-4.791464046006126
-1.9782033991184778,-2.7863411086114254,-4.394882339511414
-1.1438944099724355,-2.2347054042476726,-4.95084779078069
-1.7789042966379895,-2.6778921434769027,-4.52646329713775
-1.5513352212992768,-2.486304841169854,-4.680274676420465
-1.011277189750544,-2.068950433955546,-5.043329980936207
-0.24867580942502,-1.57053724717969,-5.551205230972109
-1.071980988285825,-2.1355764788131264,-5.001484105816157
-1.9797978282719768,-2.701181625573654,-4.398357409679612
-1.8891801844409213,-2.7548455531664415,-4.4527651885417106
-2.075619241364613,-2.8407357256513617,-4.3304936698275425
-1.2785549054592564,-2.2990525976581497,-4.862412362398989
-0.5101618273437488,-1.8311403167792608,-5.3723402159918825
-0.4264884399439107,-1.7594411699979766,-5.4289602052329
-0.02991700699911909,-1.4058426245070743,-5.698036823171238
-0.3967889153258288,-1.6505964833339442,-5.453446467447691
-1.0822344099214363,-2.1219822621067426,-4.995723745662423
-0.5578387056728945,-1.8811735191016357,-5.339595176924929
-0.9655510879244842,-2.075794928433156,-5.071849387643318
-1.193594606169901,-2.2989286853112563,-4.916078020494734
-2.0479300822807667,-2.8693458185869485,-4.3464757654102035
-1.1571619672652813,-2.192009350483545,-4.944715441635952
-0.9391539762719221,-2.0293906147759957,-5.090963579932155
-0.19205203763343498,-1.5781352348128956,-5.5865677190703105
-0.4734633283269882,-1.7369049655721462,-5.40047797069758
-1.2105414212446635,-2.2851710840411177,-4.906098853145943
-1.9986468929343706,-2.841726038634546,-4.379055662889632
-2.2493992012153408,-2.9751215409107443,-4.2136649680660625
-2.4093357750426727,-3.034284832854257,-4.109538537651773
-2.409104824348877,-3.0440423802166308,-4.109170846123519
-2.3348821695996325,-3.061511246048332,-4.155128898289794
-1.4435956743886154,-2.356927526170075,-4.75513003841666
-1.2316956889280641,-2.297067538088119,-4.892112133869743
-1.2808076365349443,-2.2590750675407647,-4.863093665409996
-1.0124412839803891,-2.123323606008299,-5.03973301763037
-0.4082008187642247,-1.6710044218095634,-5.445164847461566
-0.6014740817911306,-1.9075903197670372,-5.31064563407839
-0.9338495999319778,-2.0135157313125944,-5.095149232539668
-1.5149570192960296,-2.4471734140449843,-4.705309931744877
-1.6948119987054076,-2.595177099751113,-4.58392764550179
-1.797708224754351,-2.691619739391494,-4.51386462696349
-2.599025839849321,-3.1209771647127833,-3.9851715318865986
-3.305185668751225,-3.6229382392683824,-3.512756846550891
-3.698777002695256,-3.893641329020142,-3.2499253151256204
-4.41295199562116,-4.32072214529057,-2.776389487158185
-4.87585003152816,-4.678212783812437,-2.4652175361368234
-5.04984474444911,-4.76051687986237,-2.350994343973596
-5.339706511668986,-5.029642165778539,-2.1537592654180866
-5.3594577898899765,-4.994851611586006,-2.1431158557096985
-4.632219216888691,-4.563411977869709,-2.625131777274526
-3.8719561568132286,-3.9970636708201996,-3.1351057261142663
-4.063863329687735,-4.110823175334215,-3.0079138535348933
-4.792460557018196,-4.5907859243052975,-2.5224859863277023
-5.567718700465735,-5.135153231739807,-2.004198353232704
-5.235668268183277,-4.9206143559732,-2.225205935504078
-4.809868833863436,-4.608411967794784,-2.510563598662842
-4.1381836817810616,-4.150914182633211,-2.958864630776003
-4.889068025647422,-4.6508634463597565,-2.458308768137957
-4.8897705440154935,-4.706987705383014,-2.4549111639568983
-5.192428924343632,-4.9018304064814755,-2.2535036236918393
-5.366391408711231,-5.070792503210527,-2.1347398390002477
-5.039203386262439,-4.76985817998182,-2.357223554400996
-4.34492166049202,-4.291045614892831,-2.8209179372606803
-3.782659370821257,-3.9727813474875173,-3.1927817132319687
-4.6918512080284485,-4.613645620214946,-2.5848255911680886
-5.467313297078212,-5.07174499627967,-2.0709495677648313
-6.32352243783939,-5.717462335159124,-1.4962007768167471
-6.794575177912871,-6.0438717456001685,-1.1815143404313357
-6.3373821999424695,-5.727624650423344,-1.4869123841587906
-6.879037843315929,-6.070519174758645,-1.1267670028526422
-7.146261473926038,-6.23991623878517,-0.9490785485711781
-6.908796739421537,-6.0988973189298425,-1.10647832404009
-7.253334668218741,-6.21722006363174,-0.8826479087628087
-6.810465988956837,-5.971028160151829,-1.1753119116376909
-7.71710967679558,-6.541634970279392,-0.5726629082591396
-7.0826836367293255,-6.148853179703453,-0.9940257646470869
-7.661152486083665,-6.529475767796745,-0.608644249892067
-8.513963190724649,-7.066553420197894,-0.041759717887174135
-7.964455311146577,-6.793480136703942,-0.4031896041203753
-7.56916060344733,-6.489411528470061,-0.6688530304690509
-7.159557838052397,-6.17524310204282,-0.944084694214654
-7.548180247248252,-6.485298606956423,-0.6823202513060291
-7.2747974692977815,-6.349911648729823,-0.8621086878129898
-8.087550693477,-6.859295963315815,-0.32198116124790443
-7.815688800963576,-6.703955640650015,-0.5018592156072145
-7.036272059237801,-6.110447057855459,-1.0253597147389966
-7.103914288554523,-6.231183191106543,-0.9762837734204834
-7.793128802080934,-6.656547791436415,-0.5186027859127569
-7.052023017615299,-6.175548835555231,-1.0119853316742728
-6.700693704300709,-5.861374172680606,-1.2504130381295204
-6.960759547627063,-6.043991719432169,-1.0765494767259514
-6.878185812227811,-6.031927359849553,-1.1293362759035115
-7.414045488957917,-6.377089938416774,-0.7727321338335911
-8.180007534069858,-6.918008421937988,-0.2604972377880905
-8.062933592669916,-6.863748558640856,-0.3372944567405346
-7.762312855049937,-6.574266511951451,-0.5423960829578581
-7.73671042837775,-6.533203142461018,-0.5607272666187361
-7.991967073808536,-6.819847306533436,-0.3844260082375861
-7.831451636667557,-6.714658097767155,-0.49134045320906067
-7.0281282508944,-6.1337929930583615,-1.0292744392083601
-6.737257920704654,-5.9999515627517015,-1.220026301975918
-6.05318228509307,-5.516539494856268,-1.6775168122514157
-6.316048924943308,-5.707322557874663,-1.5014545627134548
-7.11598195135935,-6.257806040900251,-0.9672608890282927
-7.572980435559485,-6.4934660773306065,-0.6662271076160833
-8.006482604561976,-6.835530556837651,-0.37443287037729717
-7.683157015322295,-6.532903794619475,-0.5945662300138413
-7.234588532595929,-6.262569977371446,-0.8921007358014426
-6.346389943973763,-5.733153680487472,-1.4809322810830192
-6.51776290174525,-5.7990234899747595,-1.3692298967280125
-6.958751118408936,-6.14286080539512,-1.0726143222340871
-7.266128465507403,-6.233327055732877,-0.8737198793120151
-7.696336927990704,-6.5235452552128335,-0.5867346293499327
-7.1258251588074355,-6.239183010347471,-0.9620242859322794
-6.500874702590069,-5.746860241362563,-1.3826415619108745
-6.2888770935582246,-5.61233652805047,-1.523614984105307
-5.8648262430592535,-5.323800336134534,-1.8066226892581276
-5.971387936340396,-5.384370940396349,-1.7361326406457314
-5.546668122572356,-5.172546100953711,-2.015525409312001
-6.11398579687314,-5.577635327353312,-1.6358990241536315
-6.834668474472977,-5.984020878394272,-1.1593423040357898
-6.8730723823544,-6.042399762962488,-1.1320146314491952
-6.720172858577166,-5.880642839889265,-1.2370962739965656
-7.6344711305353785,-6.475730698812822,-0.6283243201848754
-7.656269695936685,-6.520234032076629,-0.6122145244964817
-6.78973132551571,-6.00136290949965,-1.1868109227927277
-7.4122081864490506,-6.324941368814384,-0.7766371969761585
-8.27486403064499,-6.89249687065493,-0.2019305847555369
-8.289398601839926,-6.936106548683078,-0.19045560936777908
-8.118007410794036,-6.925310833737002,-0.2992708729202404
-7.960895517188095,-6.75189337623053,-0.4076266719085436
-7.087342190823193,-6.194703952910107,-0.9886703213663987
-7.871271700734567,-6.690331955308464,-0.4674712623487753
-7.252544149171401,-6.332571777254773,-0.8770760411283376
-7.741725931267936,-6.650037965909369,-0.5514103793487048
-8.216382200761222,-6.956295447075623,-0.2355086575020898
-8.528102040361706,-7.194838896191805,-0.026078050958828303
-7.676360615185311,-6.5351876472975325,-0.5987384904857224
-7.480362408203664,-6.373244481564519,-0.7310501562495532
-7.408533554047879,-6.347154539920427,-0.7777889031713175
-6.942536755072616,-6.054936138563458,-1.0874825868060607
-6.07853646724997,-5.558789151148753,-1.6592799784527166
-6.150813534109801,-5.594017569185312,-1.611777177381425
-6.774422529885141,-5.899052368537841,-1.2018644011363406
-6.201153228222797,-5.571836335275877,-1.5811511197263455
-6.354897154033345,-5.624124540996572,-1.4812976820712256
-6.709656755755384,-5.923481055318269,-1.2414833802298486
-5.812596027588557,-5.28902703736878,-1.841440367385186
-5.583308053955594,-5.217862341038679,-1.989999334749694
-6.314939167158815,-5.587025018006132,-1.508486911833584
-5.534018309618144,-5.086557607245288,-2.0280404750572094
-6.251730724479779,-5.642737327155892,-1.5454758067282508
-5.929361482194326,-5.370951147267285,-1.7633819692184631
-5.678348041313055,-5.206296012530528,-1.9305828337085695
-5.930185183045777,-5.447051738619305,-1.7588564428200726
-6.209537416259516,-5.53693227075641,-1.5776928990989156
-5.316219330765374,-5.032149177822815,-2.1684613264075114
-4.959605555660351,-4.723660392270438,-2.409927330976598
-4.507114808287292,-4.457798125516257,-2.7097037117782237
-5.0838575791036975,-4.906908786744388,-2.321807716461118
-4.710458693200095,-4.6080867467442275,-2.573366067558139
-5.541112611593468,-5.142851686556338,-2.020597017003792
-5.3393420435342085,-4.939471656750809,-2.1587352720836157
-5.9373250531698565,-5.448278980146562,-1.7542824595034296
-5.549549204267709,-5.168788884009631,-2.0139035270277823
-6.286377607347163,-5.6286176876244145,-1.5243367038399809
-6.549639974607317,-5.829874132098654,-1.3474732905980815
-7.333037724850332,-6.321593742095981,-0.8268157846552652
-7.269394581261068,-6.281949829900597,-0.8690979759850834
-7.099047705453501,-6.180795079440377,-0.9820094107298748
-7.42139727567381,-6.338033218426285,-0.7701445169598945
-6.6198649934171625,-5.863961781219543,-1.3013265603433952
-6.143426686360628,-5.5869203945229495,-1.6168160904157638
-5.669356031284273,-5.208461587186315,-1.9361480203238113
-5.375955344972363,-4.978738176615859,-2.133544422761357
-6.015393459006618,-5.4328732116416605,-1.7057869278436275
-6.216903171721634,-5.638603401420031,-1.5676897308773878
-5.852240889013755,-5.34299224495107,-1.8135612334544147
-5.124525265025398,-4.933000529321185,-2.294749612585476
-6.02804790535773,-5.4222311193419985,-1.6983547560586971
-5.337998632382016,-4.941319056101977,-2.159486510740202
-4.7070647835888995,-4.60557228531533,-2.575641929493046
-5.029035087692205,-4.832573252113011,-2.360344844438449
-4.210027213894946,-4.299219431068079,-2.9056842289969778
-3.3296784573628635,-3.6166386772659394,-3.4976192727963
-4.222454575975321,-4.26251221491046,-2.899767327480826
-4.239228586458758,-4.269790085792898,-2.888790169760633
-4.816602236696342,-4.633406921094354,-2.504995399331555
-4.14404039392624,-4.242223293103057,-2.9503599120280044
-3.2392957537938587,-3.5593523509470693,-3.55771815538298
-3.4738932172048322,-3.689659674950104,-3.40269305617589
-4.09866683652067,-4.107583071475934,-2.986103223106633
-3.261827558481321,-3.6320026668496284,-3.539663841059186
-3.7477779858152522,-3.95303892499474,-3.2158511365248548
-4.591229298259331,-4.549232026905556,-2.6517664601438145
-4.260599418644838,-4.32715075808992,-2.8722738193116855
-4.561078474588467,-4.458254799494012,-2.6755973607470733
-4.173372359778323,-4.168003747719922,-2.935740751773168
-4.051754984413123,-4.07680335982442,-3.0173517461035844
-4.810175100892651,-4.626338477372542,-2.5094266663508242
-3.9830928455825982,-4.066028445497567,-3.0612844082242767
-3.747380959159584,-4.008809623186511,-3.2131665902972886
-3.999195229725013,-4.075239064793309,-3.0506297119608705
-4.871743577913378,-4.630048750094044,-2.4703460349313384
-4.015229748189176,-4.083321049558284,-3.0400772800485054
-4.034013434424247,-4.182039070007513,-3.02301821398166
-3.9076639548875916,-4.108363749843386,-3.1066955336976587
-3.429438601790934,-3.661230538326646,-3.432265925733271
-4.308422979097681,-4.3310200560741,-2.841865818079144
-4.345368780877048,-4.322024888285834,-2.819005057365242
-3.705956693280618,-3.958228232775548,-3.241991462979318
-3.143851103258367,-3.5946845760622166,-3.6161393965045994
-4.03744215728095,-4.1675359489135255,-3.021616026971847
-4.469471232131421,-4.3737692285422725,-2.737901175506878
-3.5692193234232508,-3.7849325320246656,-3.3374727334550705
-4.351625137989417,-4.332320068070302,-2.8145118223582473
-3.5935879075982418,-3.8166198315189215,-3.32041429610801
-3.305833572942913,-3.646353456572799,-3.5111152640453818
-3.5583839743184518,-3.7792279024686417,-3.344616355497892
-3.597503608037094,-3.7776080779456307,-3.3199944723346975
-3.8087077924176382,-4.034345358236442,-3.173089867447469
-3.484226364927112,-3.7528001031724276,-3.3928436771816965
-3.8543792299529227,-3.982519488844644,-3.1469724263405414
-3.952033349988065,-4.0882378033358995,-3.0797320181872276
-3.5704176392367555,-3.780935881947612,-3.3369262524190173
-3.3995707380662683,-3.7671721423355016,-3.445553965769436
-2.5793218669122435,-3.1985119587195916,-3.993535367741236
-2.072921445820063,-2.846815777014307,-4.331877537994471
-2.320883746069038,-3.016492081573891,-4.166339437597245
-2.9323440219599632,-3.432243828694516,-3.7582723292913647
-3.3552252363365116,-3.672964201351143,-3.4785199637558275
-3.2849870163993007,-3.59926688335475,-3.526759750979139
-3.7234144599377372,-3.888091659577711,-3.234656903679971
-4.234227676278523,-4.334737248853198,-2.8885303676081335
-4.401784533063844,-4.386449551361194,-2.779983284243299
-4.279333141890825,-4.331939403310499,-2.8601899601447167
-4.60192833276806,-4.449557048275353,-2.6502552266977855
-4.592673815763306,-4.46974510185843,-2.6550376556701005
-3.8563365184530034,-3.966774521115624,-3.1465649266420184
-3.839591092701233,-3.9355810698228533,-3.1587827456059134
-4.117700811115848,-4.123628692823554,-2.9732372590808565
-3.5420142341019334,-3.814904361094856,-3.3530774304437867
-3.332769537581473,-3.6556791923958847,-3.493612247651392
-4.08790879157162,-4.239755635108465,-2.9859413270937942
-3.8766968753373887,-4.000106790810842,-3.1319514238889736
-4.643072774006425,-4.5702965884027735,-2.617914551172112
-5.38938575625761,-5.0204149598917915,-2.122868542829836
-4.549722968832235,-4.52346372845409,-2.6793372102267945
-4.789137780100674,-4.682152587103176,-2.5197758105494072
-3.980982533723448,-4.13162372636463,-3.059164853563369
-3.8782949953281807,-3.969738252961766,-3.1325404290447407
-4.0761151008870575,-4.093197930935788,-3.0011035372194486
-4.262921429722869,-4.271502177568971,-2.873736158658242
-5.0494979930988455,-4.829819009073734,-2.3475658643415858
-5.5915902002283095,-5.2416816070257575,-1.9835148599465546
-6.465100291040859,-5.776036993945169,-1.4037003085428696
-6.548694071671051,-5.7796089370626085,-1.3507162395597256
-6.344974273035033,-5.6673624047818345,-1.485289087765672
-6.123142671889445,-5.532288304352934,-1.632502420090722
-5.37095408653928,-5.063148838128113,-2.1322604459026593
-6.108191820160094,-5.5383185640623385,-1.6416276811982382
-6.725634166605665,-5.97837231508986,-1.2285033702311667
-7.259749688626703,-6.261214005233949,-0.876280846315559
-7.738890313244502,-6.605061466174032,-0.5555684801916817
-6.945339390552759,-6.147147338558636,-1.080859280187277
-6.987612703364587,-6.133290319028473,-1.0548896625971833
-7.539723788930019,-6.423197653297796,-0.6909296435943149
-8.3307681161036,-6.95323836223513,-0.16342582069850856
-7.802645819933488,-6.662104182419897,-0.5122995961646446
-7.465039649527401,-6.48693654001248,-0.7347438954951957
-7.411350048781257,-6.396856048832061,-0.773394195502256
-7.565306891440183,-6.464899982042834,-0.6725770352328931
-7.711647632437228,-6.631579894682198,-0.5713786770958457
-8.036775448810607,-6.847145412105969,-0.35468923952193393
-7.133920295192931,-6.228090326517631,-0.9574953936798526
-6.9542068159441355,-6.055683869246798,-1.0800726677986097
-6.496318802079086,-5.731775417165147,-1.3863129108755692
-6.059963749525149,-5.4153593005164735,-1.6785590554700913
-5.429238384539061,-5.022893731033832,-2.097568000170918
-5.718493399674811,-5.31745041055037,-1.899377639057995
-5.043032637674358,-4.751281679913174,-2.355782790354975
-5.167612842174613,-4.91069238380674,-2.268710518886732
-4.8131265359182525,-4.628923445565966,-2.5074265511665796
-4.823629180481842,-4.6361395448604,-2.5004135072688154
-5.132700759216921,-4.9093945357049416,-2.290828563286422
-5.298943879118182,-5.022778158825694,-2.1798653495003224
-4.441801652767473,-4.465609352031623,-2.7505430086057214
-5.197420581055872,-4.876154574236868,-2.25170235799172
-5.789206106488858,-5.314848131690213,-1.8548539441680787
-5.495269262587546,-5.115889560159705,-2.050969770396829
-5.207355049194423,-4.912579290234922,-2.2435108667464214
-4.653896084440219,-4.548794084672675,-2.6122104868839315
-4.226444471559101,-4.302769040334783,-2.8951286131424214
-4.216962637019886,-4.274500900481417,-2.9026049370542077
-4.153280651698088,-4.234476217922429,-2.9449317005500273
-4.957121864482678,-4.749552151303429,-2.4101332538765496
-5.484109339515378,-5.167427511565162,-2.055305619105279
-5.3114111837430125,-4.965658534496758,-2.174997558386163
-6.018965346438554,-5.441394757765022,-1.703082496511702
-6.816272244954674,-6.028350385124363,-1.168627843377345
-7.402994071101299,-6.4283220167699335,-0.7770155515139202
-7.554562397245972,-6.432068133482389,-0.6810910235955762
-7.121593343826454,-6.132610704564869,-0.9703060799088252
-6.4394908790637295,-5.8120600610121915,-1.4179787231038454
-5.584713983513811,-5.1061814753471095,-1.994989319538798
-5.704800465400961,-5.263158057864229,-1.9108833003196972
-6.346301777668179,-5.61417322562491,-1.4872500942687863
-6.956640184286507,-6.076248949564338,-1.0774534309340835
-7.111090488331698,-6.127207056695838,-0.977223864845989
-7.54189033830907,-6.447999281134642,-0.6882559477845533
-7.874014167218043,-6.755645129571717,-0.4623016427664091
-7.157852533757176,-6.226263057495536,-0.9424764676930713
-7.55662602118714,-6.535386296772644,-0.6743498840911408
-6.931857259858048,-6.032754502849647,-1.0953949856633567
-6.680530679212543,-5.895832947017202,-1.261333960588541
-7.307637522539456,-6.3312457806453954,-0.8423500156647968
-7.230728724385625,-6.225894791205117,-0.8964687823640728
-6.805358553137979,-6.044150850060768,-1.1746890979491305
-7.721635771776343,-6.6399307572800925,-0.5646308594817784
-7.311088691486481,-6.291026995814939,-0.8422871081630152
-7.55126610663409,-6.487044495027903,-0.6802793986375273
-6.694880408395811,-5.949839006694243,-1.2494285495424224
-7.455633873425779,-6.445005206211817,-0.7428912979699384
-7.8253340471459465,-6.731943789227726,-0.49429442072478547
-7.03825833321383,-6.156400202715554,-1.0216866393404471
-6.430678685435194,-5.684170511990436,-1.430275347975644
-7.244401212380431,-6.276857433917592,-0.8851512824351175
-6.7405864839756715,-5.940971773821249,-1.2210282509063524
-6.935202768663804,-6.034688121388956,-1.0931802633366001
-7.847390787263147,-6.6947393123064245,-0.4823219783834634
-8.215940072566482,-6.888048656562666,-0.2393798327047126
-7.62074550110473,-6.4570135487318785,-0.637978251934809
-7.991001555938892,-6.758369523447223,-0.3882714817913724
-7.762720615189582,-6.64992924734219,-0.5381563010069912
-7.145971927631355,-6.205504557111894,-0.9510725610558863
-7.218578425559922,-6.3040877180583905,-0.9000272381038184
