Cl,Cs,Sn
-2.8835244234770117,-8.650573270431035,-17.30114654086207
0,1.0,1.0,-0.6152594791810344,CsSn
0,4.0,23.0,-4.49514315672414,Cs4Sn23
0,1.0,3.0,-0.6075889179310359,CsSn3
1.0,0,1.0,-1.6216883200000005,ClSn
2.0,0,1.0,-4.2067828575,Cl2Sn
4.0,0,1.0,-7.135993455000001,Cl4Sn
1.0,1.0,0,-4.509900247931035,ClCs
3.0,1.0,1.0,-9.057513632931032,Cl3CsSn
5.0,1.0,2.0,-13.325014602931038,Cl5CsSn2
6.0,2.0,1.0,-17.30114654086207,Cl6Cs2Sn
sample
-1.0584488972213102,-3.472470611290025,-3.2948844974969527
-0.8522844638278831,-3.862392302129527,-4.462655153635717
-0.7844034760897418,-3.9251459941966598,-4.744433695930299
-1.0126138894546917,-3.579395907091756,-4.066671389950409
-1.1008943026263445,-3.6414322171675853,-3.4129162907688326
-1.1209760688776478,-3.608589198216527,-3.35811173116313
-1.2735998162781281,-3.7939817639955082,-2.0715841152022842
-1.205282836627256,-3.531963123578424,-3.0055232739416855
-1.307034014359475,-3.471654011778777,-2.515634431147666
-1.3473699062379914,-3.724190243651906,-1.768546616130311
-1.146883762292846,-3.9018625667679103,-2.616118833569174
-1.2571228965641326,-3.693119620614804,-2.372169920247668
-1.4520382781442356,-3.0988488965392595,-2.3912190789181387
-1.453316690178608,-3.461501516992921,-1.6582433658045792
-1.220362020239193,-3.731739369464632,-2.5154956804976494
-1.2260788316156557,-3.4006868001965276,-3.143299950775082
-0.9523672823295308,-3.7966657824575103,-3.993611281969866
-1.1451169366201548,-3.802871382784386,-2.824702155572368
-1.1006972527606673,-3.7456473091119142,-3.2056684060742375
-1.0843754338905316,-3.433870621422075,-3.9271526946747306
-0.8198193887120437,-3.830095986423918,-4.722038235741972
-1.0786972214803023,-3.9991247803022922,-2.8307136513756737
-1.058414134082044,-3.501462997332026,-3.9477357417057544
-0.9546362008060154,-4.000118044015501,-3.5730932479949757
-1.1031351896093775,-3.863298247577698,-2.9557389080504106
-0.9299235451201235,-3.847827762338105,-4.0259497454651205
-0.829262940350868,-3.9891657219621384,-4.347237454832586
-0.8043336594919069,-3.748507031004964,-4.978130521900701
-1.0029514380992075,-3.770846821679528,-3.7417442689077682
-1.066093226331247,-3.4524408180779025,-3.999705546718784
-1.1063365097590887,-3.90875444560839,-2.8456185910907594
-1.1442260054883273,-3.8300462169562466,-2.7756980740196138
-1.3370760766723153,-3.4750926177292727,-2.328504845369633
-1.1692479677411227,-3.652755408585505,-2.9801479172443255
-1.4397993917819114,-3.545066561221832,-1.572217067726938
-1.3656073986555841,-3.7122490603967853,-1.6830040281349938
-1.506993914680278,-3.5211097560275904,-1.2169635407252208
-1.527773335347942,-3.476075037878422,-1.182356453017574
-1.271557980610656,-3.555319372456742,-2.561159912284652
-1.289962028152945,-3.617441768252854,-2.3264908354386926
-1.5039177085951971,-3.160828151678186,-1.955983985934515
-1.5642944300144692,-3.1762724205732558,-1.562835119628744
-1.4242991452705993,-3.5343168007272507,-1.686718067783974
-1.2990976060731023,-3.4067376821409514,-2.693085540141554
-1.1870003396276598,-3.7151508415498986,-2.748842819996315
-1.4572724818727314,-3.517839910283256,-1.5218318290591704
-1.7148947926591047,-3.030684864333174,-0.950408056241095
-1.5326799129430881,-3.459292196633533,-1.1864826699364757
-1.5272222442670078,-3.388849338747286,-1.3601143977654513
-1.2598584438584088,-3.3690238707309983,-3.003948136249621
-1.360781263094964,-3.6132059221324004,-1.9100471180274847
-1.5344927256321612,-3.3885284319460807,-1.3171333231769404
-1.4142195991775746,-3.274328223961665,-2.2671724978732932
-1.4705284317358083,-3.105757378137337,-2.2664611941725457
-1.5366056995509572,-3.0262395965939106,-2.029033150368505
-1.5498344109984719,-3.4205859409656414,-1.1609681929399558
-1.338417411799565,-3.2903286352673713,-2.6899847995299377
-1.1487207208422738,-3.6169862209903942,-3.174849773827639
-1.3765057846413735,-3.671428691446165,-1.6992544501214997
-1.3034854866938927,-3.5275413410910366,-2.4251509385166403
-1.5513525440572684,-3.000039152753343,-1.9929529710117748
-1.3835019902975265,-3.3725112400970105,-2.2551121188828898
-1.3012242044783642,-3.221681738178717,-3.0504378376344503
-1.363887833317192,-3.704510574999401,-1.7087983909601163
-1.332380898711271,-3.5886153015249915,-2.1296305455444595
-1.354913592396638,-3.185087460160769,-2.801490066160704
-1.2790545693313529,-3.385510279547739,-2.8557985657784752
-1.495859099079819,-3.484895988909169,-1.3561999685648185
-1.3804397747804467,-3.625781624677197,-1.766944642824996
-1.2360000103343365,-3.5250818419593597,-2.8349827949373316
-1.484972050025268,-3.41251340972738,-1.5662874212557014
-1.2802745899296069,-3.5189681983133014,-2.581562604657827
-1.0019707238808486,-3.736107463063162,-3.8171072714506544
-1.0887653740636243,-3.905988610966542,-2.956577074547241
-0.953385545331566,-3.6081479384115687,-4.364537392049537
-0.8799023599083754,-3.8442541306152505,-4.333224120181319
-1.0400967654151074,-3.77234439977373,-3.515877148823966
-1.3020165166622395,-3.382107828402659,-2.7248317840833165
-1.3581388123732916,-3.58294315889618,-1.9864273488299597
-1.5917034537508306,-3.362613896906924,-1.0256980245432405
-1.4223194165187163,-3.246240221601669,-2.274749598546435
-1.2469554540073426,-3.7393444537828766,-2.340724909252261
-1.0848532009672887,-3.9055215466184316,-2.980984241821474
-0.9107049807783884,-3.925586946719851,-3.98574276275204
-0.6340437647743947,-3.8987449658830706,-5.699394020449561
-0.6827628877630734,-4.11613756667888,-4.972294080925871
-0.8730940093778559,-3.8356427915622144,-4.391296901470505
-0.8358185398199927,-4.158119245675621,-3.9699968105908727
-0.865436679638197,-3.8056125266211525,-4.497301409790585
-1.1336323259335814,-3.67101985790256,-3.1573128694554624
-1.2010752514361418,-3.505350350097045,-3.0839943320511294
-1.3991492618139063,-3.6788937992416826,-1.5484633714952671
-1.396620616264391,-3.3106797674380672,-2.300063308399591
-1.50837524130956,-3.46294528461414,-1.3250045237764305
-1.7145891727166347,-2.9436725917259174,-1.1262663211104267
-1.4472597474990843,-3.6316677104316604,-1.3542526350042445
-1.4257298028849135,-3.4123867017108713,-1.9219943201308458
-1.5072044739740527,-3.2233165038070695,-1.811286689403615
-1.6576111315773034,-3.0535274663510017,-1.248424818696247
-1.6475046243954368,-3.2414031489562087,-0.9333124965770309
-1.663920169857739,-3.1388686608027463,-1.0398882001101453
-1.493734020717893,-3.414211336204638,-1.5103197441454355
-1.612449379988366,-3.1664411178190695,-1.293568025293737
-1.4510653393853876,-3.630925798569183,-1.3329029074113776
-1.576104173917314,-3.1677992424774377,-1.5089230124033095
-1.5803268126168386,-2.9904624553200043,-1.8382607545210297
-1.498131125612305,-3.438708024364371,-1.4349437384594987
-1.5709320583414568,-3.2054657874612396,-1.464622615890851
-1.499640462994749,-3.251636972928821,-1.800029817035934
-1.6442676311291282,-2.991789278249938,-1.4519621975874242
-1.618811518456644,-3.054301975707169,-1.4796734787078685
-1.5774186203883098,-3.2970679908394698,-1.2424988368532717
-1.309842906970627,-3.276781985783316,-2.888525127471676
-1.5771523041971833,-3.0720573759306022,-1.6941179638177652
-1.4625743697471376,-3.1101744042118393,-2.3053515139555665
-1.3337413973668197,-3.381634904093073,-2.5354283484750058
-1.1838733347909787,-3.6913115887630417,-2.8152833545901155
-1.195127381672789,-3.738271836038675,-2.6538385787479872
-1.287471699487086,-3.4362942808546895,-2.7037277822301733
-1.219073348873315,-3.3539315576660864,-3.278843332290008
-1.438037925786586,-3.4772266437746784,-1.718465698593197
-1.3763137658712963,-3.2722830545234673,-2.4986978365873576
-1.5654431556584731,-3.4046277093485315,-1.0992321882141685
-1.3725131395945982,-3.2627850691638414,-2.540497564966799
-1.3839070355222174,-3.6445929261566543,-1.708518475415457
-1.365298936471236,-3.503006448060115,-2.1033400259144237
-1.5263632659598891,-3.0157244755529673,-2.111517993996801
-1.6181622513728935,-2.9974438892930753,-1.597285254038559
-1.5630554444100082,-3.2587445839370472,-1.4053247065279268
-1.5264939927243908,-3.21609309767974,-1.7099963891562446
-1.4208902929780993,-3.198190864579393,-2.3794230538346888
-1.1531033929763754,-3.8437558271062136,-2.6950145287913916
-0.9504923898521322,-3.867520399585895,-3.8631514025774876
-0.9046331285412568,-3.697871712068379,-4.477604345477772
-0.7422581136851419,-4.282120434664491,-4.283356989422239
-0.4595955457759082,-4.388288429295702,-5.766996407615216
-0.2587626001073672,-4.259336051608012,-7.229898837001842
-0.17823071638310473,-4.391946564360085,-7.4478691138432715
-0.3964501263501079,-4.234780896121718,-6.452883990517987
-0.180731374381139,-4.853710874632669,-6.509336545309898
-0.051415311638522955,-4.888017237041112,-7.2166201969487105
-0.18520361685523637,-4.421781944232253,-7.346360951266149
-0.10215999863897603,-4.813425293402559,-7.061335962223097
-0.2592811737596146,-4.41272845447681,-6.920002589350762
-0.3215855417702196,-4.485444007238795,-6.400745275763165
-0.17679491948190776,-4.435263912419503,-7.369849199131619
-0.12686966681505646,-4.486466055901138,-7.566996428169457
-0.2261091416673402,-4.812252975986323,-6.319985738885384
-0.314663404931577,-4.446517062364682,-6.520131986543243
-0.29645037938916474,-4.541466713469036,-6.439510837589011
-0.3613032413004678,-4.327700994138009,-6.477925104783245
-0.5650127500369848,-4.4148127026549595,-5.081444635330241
-0.4842031932119556,-4.5583832909093305,-5.279160799771676
-0.4194845196259892,-4.347249922036126,-6.089739579033882
-0.4043807424402379,-4.381902120331768,-6.111057845557108
-0.4831814885262517,-4.240786870815697,-5.920483868073166
-0.4425769450113314,-4.29525753237733,-6.055169806039424
-0.5976721269052742,-4.0280408932825935,-5.659031992865239
-0.5052949218236141,-4.0334354912051085,-6.202506027510169
-0.5609526590152469,-4.036806506977094,-5.861817572816401
-0.3267094969123504,-4.362621104540761,-6.615647350306447
-0.4691846804803601,-4.091499337245784,-6.303039783488342
-0.20381668993425564,-4.6110115573801504,-6.856223286496236
-0.3137520549960538,-4.423952733181915,-6.570728744521918
-0.48083111069807594,-4.477153632104582,-5.46185261246445
-0.47388367285834554,-4.30949869214009,-5.8388471194318186
-0.5712052548041744,-4.422643110959556,-5.028628790117913
-0.6883506905243689,-4.038456701469575,-5.094128994776707
-0.40937544821625843,-4.509794946457096,-5.825303958650329
-0.5519187146021278,-4.467712208142492,-5.054209836964319
-0.6079735693012895,-3.9585343201991776,-5.736236484655978
-0.3645982004965577,-4.548620070217306,-6.016317197448111
-0.3524760480438401,-4.527547264916059,-6.131195722766911
-0.345265560048263,-4.68447870871716,-5.860595763138172
-0.061154347749035144,-4.994136052500646,-6.945948349366569
-0.05180428787900759,-4.833095020837667,-7.324130771912691
-0.09249667245558224,-4.475164882300481,-7.795836741527615
-0.1318336709543216,-4.611071135146159,-7.288002244843822
-0.02666917140584186,-4.879855155566203,-7.381421201294613
-0.24403482914857588,-4.301455895969588,-7.234025774031439
-0.38404989054613825,-4.486102367058076,-6.024642463469089
-0.6271442717755168,-4.030936006169325,-5.4764088978703205
-0.7114435384720982,-4.237772996394052,-4.556939317241378
-0.7977834746580736,-3.8106097126479628,-4.893226267617703
-0.6939545618366479,-3.8435437282353364,-5.45033171337151
-0.8291507609464038,-3.7831769213916044,-4.759888132400439
-0.6484410454702499,-4.328042164204051,-4.75441593963247
-0.6547611208532127,-4.010125659461333,-5.352328496820129
-0.6502556492494332,-4.168826584736587,-5.061959475892297
-0.7327559524324406,-4.011695393948852,-4.881220038369725
-0.7797713007367959,-3.878967596665728,-4.8645835431098385
-1.0033573731139769,-3.5119642830548683,-4.257073736068473
-0.8130889525368767,-3.945972197635453,-4.530668430369904
-0.7691279508333235,-3.8523473930830203,-4.9816840496960895
-0.805987740487021,-3.7370521634959526,-4.991115770948039
-0.5774433956607968,-4.266959422441298,-5.302567322014694
-0.6481920374254548,-3.9507045457317957,-5.510585224845751
-0.6355223100940754,-4.300122256318435,-4.887768167660749
-0.4648369331681978,-4.1859615509250405,-6.140201840002803
-0.36098967489223244,-4.515641203879921,-6.103926083748835
-0.5319839171690446,-4.211194036938116,-5.686854963971572
-0.7506798549394825,-3.9187318727337916,-4.959603665757593
-0.5896665164236715,-4.092964902904648,-5.577217636510745
-0.312391702966521,-4.65442776234978,-6.117940798363385
-0.5592874695336657,-4.3961603230479485,-5.1531010775641795
-0.38102700916607,-4.402290064257918,-6.210404357349815
-0.6689063458308502,-3.933167817127755,-5.4213728316214596
-0.9008301893100293,-3.950122500213556,-3.9959204045747816
-1.0645510018932667,-3.5977738601069373,-3.718292809288596
-0.8811855394948087,-3.6913556731030766,-4.6313219576870654
-0.7171315793793269,-4.088018015990399,-4.822321032605312
-0.9842409691706973,-3.8048718528135312,-3.785957020210824
-0.973643935968322,-3.738405184660835,-3.9824725557304683
-1.1216144013943343,-3.709897486816854,-3.151665158862355
-1.2093558136851323,-3.303147345217795,-3.438716968315688
-1.41636368842814,-3.2234109009402445,-2.356142608412742
-1.4996741097109352,-3.1375762735692234,-2.027949335458013
-1.2728730139536801,-3.6817959803069424,-2.300316496526106
-1.2601151550594192,-3.624602368879188,-2.491250872747181
-1.356708776443952,-3.5904791981515434,-1.9799354858952716
-1.6045737695785516,-2.9458469600603987,-1.782010003269964
-1.615937687674569,-2.9809927943299397,-1.6435348261547775
-1.5242174930810104,-3.212204533594521,-1.7314325151869665
-1.501361953373033,-3.0750258383262254,-2.142923143971422
-1.6271491243038458,-2.9513755390042444,-1.6355007170305067
-1.702914193149469,-3.0686549941460166,-0.9463513936732236
-1.4862727393396993,-3.3434016573784797,-1.6967067900669166
-1.5059960346339483,-3.010303799400594,-2.2445627342571917
-1.6419483037449012,-2.917280032521941,-1.6148966533487812
-1.7341901611849515,-2.8846937829467123,-1.1266180078589372
-1.6724866064780324,-3.115912667171309,-1.0344015676512566
-1.63309288256369,-3.147981237707276,-1.2066267700653799
-1.5532696073792303,-3.3898988890824855,-1.2017311184217176
-1.6539705591516478,-3.1753697424343974,-1.0265837010833887
-1.618592290988073,-3.1279424749557636,-1.333707845022104
-1.677180418007834,-3.1538642381189153,-0.9303355565772358
-1.5903844430804899,-2.942844974776689,-1.873149932825754
-1.3992165225802635,-3.4382498787943354,-2.0293476477918184
-1.30233473780148,-3.2254847732753467,-3.036168567502497
-1.3560932708924918,-3.1926971870623526,-2.779192541382416
-1.332959441112605,-3.6901237819548833,-1.9231423302766744
-1.0693965957019924,-3.9544425073982707,-2.9758819518535744
-0.8210361897148887,-4.158844254560063,-4.057240893452612
-0.6042546714181313,-4.382285943088256,-4.911046626176772
-0.7669740198857304,-4.215679929702554,-4.267942562142581
-0.9644705013497968,-4.109382079721659,-3.295559373319973
-0.9716032002441068,-4.075080863193698,-3.3213656130100357
-0.9918775790804344,-3.5261063353682123,-4.29766839564304
-1.1132615296054829,-3.7516999313079618,-3.11817750061325
-0.9349494127602898,-4.058522572629275,-3.5744049190417835
-1.0823020865781132,-3.8677351137333345,-3.0718637939267226
-1.2869728411747166,-3.6838337862540036,-2.2116419213057625
-1.3252900778468644,-3.2384500948882318,-2.87250588400442
-1.1300825309502076,-3.9350281059626893,-2.6505951432354458
-0.9862309506678463,-3.8347448455195234,-3.714271145815945
-0.9288056377984648,-3.9107277916858645,-3.9068571306995543
-1.1599691571755137,-3.5714894592552517,-3.1983526792984853
-1.0042151306880163,-3.978318247092996,-3.3192192625479797
-0.7694051602952237,-3.750967657865347,-5.1827802633600335
-0.769345231884004,-4.026872251853962,-4.631330645850121
-0.626224402942956,-4.156032301708578,-5.231735519787179
-0.8520180492899063,-3.7614047549314544,-4.6662287352597245
-0.9231538398275412,-3.770734548834511,-4.220754404227801
-1.0053415024047234,-3.9751195114050386,-3.3188585036236518
-0.7598321476497031,-4.062851109916539,-4.616451435130772
-0.6052897386504194,-4.362771978101475,-4.943864152756605
-0.4715918210860989,-4.186225264097937,-6.099145086149604
-0.517191273609344,-4.0925408073667855,-6.012917284472435
-0.5371957947185385,-4.456493207904652,-5.164985356741535
-0.5045601178744952,-4.41351887160631,-5.44674809040248
-0.6327218161791699,-4.220989418329432,-5.062836807128189
-0.8886229551137435,-3.7364839130876675,-4.496440984004274
-1.1142561743348016,-3.5574457687576913,-3.500717957337879
-1.0827082335412281,-3.7257774365413234,-3.3533422665320565
-0.993097887603598,-3.792158904692015,-3.7582414058564524
-0.8607260261089239,-3.738760851978468,-4.659268680251591
-1.1326192602493872,-3.6270016178785878,-3.251427743608572
-1.0288493507889622,-3.614256141088333,-3.8995381539516307
-0.894106782380327,-3.919642927350405,-4.097219991879297
-0.7819354573843134,-3.9966824633629803,-4.616168869830229
-0.9860823811408964,-3.748784732517102,-3.8870827889824864
-1.057058019657931,-3.5576353865266803,-3.843527649861125
-0.9836109536319917,-3.717017131284063,-3.965446556501994
-1.007079091418336,-3.57303471292318,-4.112602566505695
-0.8638845073567387,-3.684599343091352,-4.748640810538933
-0.6604286900171022,-4.136512209621622,-5.065549981516212
-0.7232498701458054,-4.011693162833596,-4.938260994320047
-0.9579474860532555,-3.84074686628235,-3.871967891977837
-1.0665885658887682,-3.4587865476059774,-3.9840420503175076
-1.0275778146788261,-3.510204712351358,-4.115270228086398
-0.9536140333842548,-3.853488003794228,-3.8724863329680863
-1.0131633602442078,-4.043111724101032,-3.1359429311947595
-0.8721505363292394,-3.672925725753067,-4.722391871380501
-0.686437548902203,-4.052836257104744,-5.076848733239364
-0.503457994572173,-4.2943105804392445,-5.691777412550544
-0.39461982063487183,-4.515898988939863,-5.9016296391731125
-0.13561855810342327,-4.390439146743702,-7.706556898754128
-0.38058166258572496,-4.39529505497146,-6.227066455404802
-0.4853470482175591,-4.208134875710454,-5.972794500135809
-0.573882436969554,-4.208847255979163,-5.440157407086422
-0.3547585753639472,-4.634759707605716,-5.9030756734669545
-0.2118415639731413,-4.8154942436336245,-6.399108669755974
-0.1103387014389246,-4.407427442519873,-7.824259447188775
-0.14447301721489408,-4.846101952055132,-6.742104533462442
-0.06756277250412089,-4.628148691670768,-7.63947252249581
-0.2704462467387355,-4.487870040925778,-6.702728978578101
-0.09350291963884963,-4.64330180428922,-7.4535254144505325
-0.3692956220664562,-4.180173218707035,-6.725026371049264
-0.3000032386414365,-4.3167971677132755,-6.8675327735869
-0.3879365163674729,-4.3649361480488595,-6.243655146559513
-0.2134986049945915,-4.697567364893146,-6.625020181108228
-0.024451134648783245,-4.6967152288323915,-7.761009275304588
-0.10361349725116713,-4.786754216894253,-7.105957123566562
-0.11695499316670911,-4.710276084738861,-7.178864412384095
-0.033265741373344926,-4.909267890093981,-7.28301631243404
-0.30152049687928745,-4.369268872440765,-6.753485814704816
-0.5255320699387087,-4.13178651275155,-5.884381095726719
-0.3324441514574076,-4.706830167850243,-5.8928212964171385
-0.5580714247606493,-4.414469930400437,-5.123778131497301
-0.7528965394028354,-4.3075929094943115,-4.168581485456435
-0.8888435109140692,-4.0998242624783865,-3.7684369504208814
-0.7080522364353288,-4.257399778700658,-4.5380335648487815
-0.6031880850058711,-4.029505821117481,-5.623006388591881
-0.3480383350163531,-4.668447400417897,-5.876021729928159
-0.5833759090115584,-4.0347695923211,-5.731351902150519
-0.511153837518087,-4.265666121051004,-5.70289127365154
-0.5343882402773648,-4.371552081018799,-5.351712937160284
-0.3472936013227567,-4.4943087847045415,-6.228767363516447
-0.2607208566122134,-4.428259665049405,-6.880302071089981
-0.055317071508027824,-4.778858560816407,-7.41152699018109
-0.0921366055358839,-4.849443423467305,-7.049440060712157
-0.10036464674884799,-4.544111839292437,-7.610734981784108
-0.18747353958722598,-4.685979636192098,-6.80434603095452
-0.1335498825142927,-4.612793790253384,-7.274259665269545
-0.3483195328355101,-4.187352639395493,-6.8365240650580255
-0.4319412481701342,-4.2032397472732,-6.303019557294865
-0.4536431115436188,-4.331564415167312,-5.916159041265734
-0.4217421967338337,-4.340217524129638,-6.090258312199791
-0.6270867936415038,-3.949091826035796,-5.640442126941456
-0.6213481063543875,-4.327872493153405,-4.917312916428934
-0.41984279278025527,-4.363764894278147,-6.0545599956242455
-0.2138709010479014,-4.675767465579897,-6.666386203414868
-0.4348678202440944,-4.262713100521722,-6.166513418354059
-0.38881320335156655,-4.424805385614649,-6.118656549523372
-0.6580758377270868,-4.194151053940119,-4.964389406619312
-0.906226060157359,-4.086272097050188,-3.6912459858175426
-0.9363030348852188,-4.071290849125617,-3.540746633299523
-0.9524845475179092,-4.081350009074027,-3.423539237606561
-1.1875002839599162,-3.8007404642009286,-2.574663908700715
-1.021615810691065,-3.9444148376507258,-3.282622001414228
-0.9377237920477202,-3.845581873848459,-3.9836400408788313
-1.0962361187794196,-3.8639494295164925,-2.995830969152567
-1.3779175965322483,-3.370070972190696,-2.2934990172871883
-1.4403866609656337,-3.3622532373011693,-1.9343201004659296
-1.39460025449157,-3.5306418788218994,-1.8722612562688505
-1.3974227668232988,-3.2932978526213326,-2.3300142346796133
-1.4495836504625697,-3.5183720421722278,-1.5669005537421963
-1.6149751985521121,-3.146718899826667,-1.3178575498960645
-1.6801669371558592,-2.9198007744649925,-1.3805433689969306
-1.8327902750032337,-2.709025930428316,-0.8863530299860345
-1.6983243926484761,-2.9896545655536553,-1.1318910538639029
-1.412278407517281,-3.4933404840347437,-1.8407951276888967
-1.3004443811173876,-3.7710362811527802,-1.956407691852184
-1.3567854285421845,-3.6533660920301636,-1.8537017855486344
-1.4216925724656855,-3.1462533071481067,-2.4784844917717432
-1.4188879523991405,-3.413687010600497,-1.9604448052662338
-1.519227223275458,-3.4235722767662407,-1.3386386476768408
-1.4972652422800528,-3.235284216101712,-1.846986654978329
-1.6954549697627543,-2.861874076447322,-1.4046685693908993
-1.415441609211164,-3.4253717268213433,-1.9577534319524001
-1.4632871702421564,-3.2275406355707617,-2.0663422482676093
-1.35737755515785,-3.183309294383129,-2.7902626211487136
-1.2517246277897587,-3.5301909573251553,-2.730416859473207
-1.3652613558263693,-3.602467270934503,-1.9046438640348482
-1.252247794429486,-3.3838954305893165,-3.0198689131065213
-1.200134144909644,-3.538702604922632,-3.0229364615589427
-1.144539326898868,-3.5209420870225996,-3.3920264054236644
-1.0084499809843972,-3.709028507649754,-3.83238963965618
-0.9575874222764381,-3.7699778235859154,-4.015666360031611
-1.1446843621272933,-3.7097145472299964,-3.013611273638318
-1.3025833788551326,-3.732074849266682,-2.02149656919791
-1.4866341145229254,-3.330401255604043,-1.7205393425164335
-1.7576408954474068,-2.9055050689040787,-0.9442910303694719
-1.483251909189876,-3.5062333925703935,-1.3891683005820274
-1.284791220962263,-3.3750974055258656,-2.8422044040367616
-1.450246188300693,-3.330873408836274,-1.937922593385363
-1.316195383858059,-3.2342287244717487,-2.9355167887702187
-1.4748636008225564,-3.326073324277414,-1.799818287371905
-1.224336453267107,-3.527983451703707,-2.8991609178520137
-1.4204852163090358,-3.611489629207613,-1.5552559845926286
-1.572767276985145,-3.3737828862111603,-1.1169771065288783
-1.6854333348312465,-2.9634843730302607,-1.2615777858140704
-1.6329497919415772,-3.2474525600577224,-1.0085426690971637
-1.6064078889488667,-3.188433886909759,-1.285831433349353
-1.654161595446809,-2.9098414796789234,-1.5564940088233714
-1.4929035074481014,-3.0831969679595597,-2.1773315602543417
-1.4873742708902473,-3.0933575256185106,-2.1901858642835657
-1.3576350298093263,-3.46640210722892,-2.2225321475482724
-1.2527816231969262,-3.7672478391252726,-2.249961123429968
-1.1913027307921178,-3.56591686798428,-3.0214964201408048
-1.37207611129868,-3.3530635718063406,-2.3625627294573097
-1.525746768164755,-2.998783040745935,-2.1490998503816696
-1.5271868493481262,-3.4243358349938786,-1.2893537747855555
-1.7919425974099004,-2.7482648303211623,-1.052961295760343
-1.5653425050274326,-3.238076773346489,-1.432937964004498
-1.8104454694729237,-2.716199413435202,-1.0060748971541236
-1.5266084460628075,-3.067570896987878,-2.006354070509469
-1.704943520038362,-3.11086420874523,-0.8497570031414381
-1.4600830384171122,-3.0573729121114055,-2.4259024861365868
-1.559000219146445,-3.208972176047538,-1.5292008738883243
-1.4687597844110247,-3.209753307895494,-2.0690812186049334
-1.7565432540998775,-2.835367450180613,-1.09115211590158
-1.7749704632925756,-2.7458688202852364,-1.1595861205361426
-1.62524831758971,-3.108848959763908,-1.3319587157959947
-1.6680221136436932,-2.926553935267703,-1.4399059884645067
-1.715401026789962,-3.0629276590425714,-0.8828850620371557
-1.504903338482849,-3.222624499607826,-1.8264775107493245
-1.698389432975959,-3.0516564200588907,-1.007497102888535
-1.5958963062946727,-3.1374477396930747,-1.4508732237078839
-1.3805356198566383,-3.482902215714243,-2.0521283902937544
-1.5088277749539794,-3.0266131525859215,-2.194953585966352
-1.5872893446881409,-2.990017586367668,-1.7973752999978903
-1.3587939190242608,-3.717185698584081,-1.7140116295483434
-1.3589254366952028,-3.4202237366859434,-2.3071464473189662
-1.4806301685492085,-3.0704979037283535,-2.2763697221101116
-1.3648709969190556,-3.6978759747148175,-1.716168609918103
-1.1167861689542102,-3.641677148662791,-3.3170752298112274
-0.9378415556451126,-3.8608678347528445,-3.952361537485705
-0.9856776103387311,-3.8620660014959,-3.662948875837883
-1.029923977135803,-3.683018746328725,-3.7555651853898007
-1.110546393469856,-3.700613568921984,-3.2366410421989658
-1.3398953869851846,-3.6231167198837384,-2.0155407791834845
-1.3863014970698284,-3.2717768440543327,-2.4397838703344346
-1.6605617263124468,-3.139260578804807,-1.0592550253777744
-1.4318067437657147,-3.1398287371417473,-2.430648603984287
-1.2492683500129302,-3.430421659849269,-2.9446931210859515
-1.2805919730602204,-3.387783587916308,-2.8420275266681325
-1.297471825634961,-3.4932345495154404,-2.529846488021423
-1.525481005015845,-3.1091478889960293,-1.929964732774943
-1.5105735928115476,-3.4139169053863414,-1.4098711732201037
-1.5583917198489181,-3.0504913402387306,-1.8498135412911
-1.2849267009365284,-3.5036094315986053,-2.5843674720456895
-1.1498546029534293,-3.715043663341574,-2.9719315964583464
-1.0881916153675688,-3.443390303396688,-3.8852162418632803
-1.0812847546941455,-3.7245730858085047,-3.364291841080187
-1.284073355307756,-3.3032893550442464,-2.990127698927042
-1.232966426502989,-3.533971630983534,-2.835404719877068
-0.9772652040630859,-3.86035528715888,-3.716844742165795
-1.2625340272751273,-3.4233688740626276,-2.879204629086053
-1.09108773458135,-3.893907736633538,-2.9668046601068934
-1.089326784614561,-3.91217226873413,-2.9408412957064463
-0.9869671454638702,-4.085826453187658,-3.2076907617035335
-1.0624000116691985,-3.688578551091486,-3.549589368663906
-1.1734335083090137,-3.474222548920218,-3.312100393167552
-1.3812428210051793,-3.1887878947867283,-2.6361138252575373
-1.4697687348822366,-3.363090151466008,-1.7563538286366365
-1.2873961286794748,-3.2886233936686464,-2.999522981447928
-1.4110880200488976,-3.5719702084909457,-1.6906780035867939
-1.303478615595109,-3.76100791343263,-1.9582590204261547
-1.1922490362480769,-3.472832458541283,-3.2019874062910416
-1.2924711206523494,-3.3566190315745676,-2.8330817537988398
-1.4341096464525007,-3.1587742223887942,-2.378940217369477
-1.6108265389322334,-3.091444863030702,-1.453297581207266
-1.525688884281125,-3.128351353220302,-1.8903105287347162
-1.4327005712169751,-3.080179485569625,-2.544584142420968
-1.3032883751406674,-3.7527676214553423,-1.975881047107382
-1.2878684688941597,-3.6181415168092794,-2.337652693878553
-1.3661643496704805,-3.5949014073451138,-1.9143576281489607
-1.4626209523789038,-3.2657472198313413,-1.9939263869259656
-1.2210612396711795,-3.418305068650305,-3.138168965534384
-0.9362649162920496,-3.7479877546681015,-4.187581533773569
-0.9132207286386747,-3.9671340925594194,-3.8875539839111837
-0.8606069572309725,-3.6555622084133326,-4.826380380649571
-0.5999022167060548,-4.117111336058508,-5.467510568508727
-0.5102902232530454,-4.402066341898359,-5.43527251754708
-0.6733654800622701,-3.8747234884406883,-5.511506683607073
-0.781652893727823,-4.263355016799398,-4.084519144896336
-0.8992882598285942,-3.9818640212799283,-3.941688939330649
-0.639763012246186,-4.351354974111572,-4.759858519161812
-0.6048020975353244,-4.368980305289484,-4.934373345071156
-0.48587239598605664,-4.0925854641204005,-6.200741236704931
-0.6514706743175819,-3.9263688427619514,-5.539584809432677
-0.4580038152938826,-4.585200045038296,-5.382723559022184
-0.4259104130054133,-4.306090940484403,-6.133502181860784
-0.4345734090079662,-4.179270730371196,-6.335164626071882
-0.6331551980853918,-3.988952717749335,-5.524309916851051
-0.4940494178614749,-4.435622599776276,-5.46560483414067
-0.28593502277673366,-4.533814303172227,-6.517907797857215
-0.19349530682877175,-4.855667798873843,-6.4288391021417555
-0.21858286668037155,-4.523891307008429,-6.941866726762984
-0.41639597285473884,-4.252581376361002,-6.297607951011634
-0.5020782741140442,-4.0444762042501194,-6.199724487677566
-0.2788174144828009,-4.524622015067251,-6.578998023830763
-0.15292373454652428,-4.582623866661046,-7.2183564002608325
-0.10667650835493445,-4.91026793406868,-6.840551622595103
-0.1892516221995568,-4.766820741003384,-6.631995325657962
-0.34404886346158,-4.268443994503724,-6.699965371085143
-0.5211274576615097,-4.309501409572339,-5.555378975748334
-0.6043576575072721,-3.9374414467089207,-5.8001177024005965
-0.38341572707344956,-4.68393127369644,-5.632789631028493
-0.3302144654848211,-4.412827421333669,-6.494204905285806
-0.5338958549633956,-4.186116000701889,-5.725539409677918
-0.6468063818394968,-3.9304001643828888,-5.5595079210593115
-0.6349840367584444,-4.155279351855672,-5.180683616600062
-0.47882006562004886,-4.526360234786725,-5.37550567756833
-0.3952165436284239,-4.52394775144279,-5.881951776205947
-0.3130750890120382,-4.540034550957314,-6.342626904875213
-0.4529082114175237,-4.2458973471635915,-6.091902578029745
-0.1793247220938908,-4.461605914544013,-7.3019863792107005
-0.09279874071951914,-4.839922102895804,-7.064509890753347
-0.04010570838501116,-4.835547459790545,-7.3894173709709134
-0.09475495896061349,-4.531853802237503,-7.668909182623384
-0.10802566910229743,-4.626384164854137,-7.4002241965400115
-0.3614284554690687,-4.454182243834028,-6.2242113203796015
-0.5808157647990679,-3.9506287024902016,-5.91499454708726
-0.7276544876516473,-4.036236897352393,-4.8627458202474
-0.7983281218562879,-4.229392980938844,-4.052391847846656
-0.8599808697783777,-4.061435360523229,-4.018390601145344
-1.0419137053747671,-3.5901407780266905,-3.869382752560087
-0.8178273857294595,-4.186282505640468,-4.021617215204376
-0.5299293802444766,-4.1232772508095,-5.87501575777621
-0.5715592575567812,-4.119462783627486,-5.632865428266412
-0.8484842402784241,-3.968773810760938,-4.27269347766965
-0.6013344568462048,-4.099207709124869,-5.494724381535105
-0.5701019110017671,-4.208300516072798,-5.463934042705872
-0.5503134878359398,-4.067512653643576,-5.86424030655928
-0.7949794144166618,-3.7364616592272686,-5.058346735907564
-0.5302247973422027,-4.424323502651466,-5.271150751505922
-0.7569312760589394,-3.953759698122058,-4.852039488264318
-0.5412478009228816,-4.403971278765062,-5.245717177794658
-0.31750258539153575,-4.45021732973375,-6.495696369045356
-0.5591165575183461,-4.200214650836052,-5.546017894079892
-0.3478009752108267,-4.195117024924633,-6.8241066397478445
-0.29517201542291294,-4.729773498786308,-6.070567450751977
-0.22209766069726367,-4.833979001144745,-6.300602574388998
-0.2143857826502216,-4.618269144767964,-6.778293555424814
-0.46141660508774807,-4.4244758105354425,-5.683695289264697
-0.35250709075116704,-4.533310173681444,-6.1194836489921824
-0.5966478045284556,-4.154516844886444,-5.41222602391845
-0.3644955799047262,-4.6888343975507025,-5.736504266332307
-0.5344290937028452,-4.102815190037889,-5.888941598569222
-0.4545636440834018,-4.307635732511889,-5.958493211337883
-0.1843738302038946,-4.83922661535949,-6.516450328919724
-0.1066429507973563,-4.732531449063862,-7.196225937950208
-0.20055681704492892,-4.759697935777767,-6.5784097670369635
-0.17143172090742625,-4.692683965969437,-6.88718828347864
-0.07535392650931347,-4.683498731720407,-7.4820255183653765
-0.061592739485686845,-4.633562313971359,-7.664465476005233
-0.342868434007456,-4.701913082150122,-5.840109772517091
-0.4166613471564274,-4.10711148101686,-6.586955495889788
-0.33690270538728784,-4.583453257106171,-6.112823794326001
-0.36876659291323916,-4.52909042608427,-6.030366131214095
-0.5761876567976029,-4.3965988140307175,-5.050822972015017
-0.8565452684111505,-3.654657593791982,-4.852559742811205
-0.5867517548317148,-4.284183569789066,-5.21226887229365
-0.5776715762677294,-4.200912687421335,-5.433291708413026
-0.8622426946336093,-3.825715549404123,-4.47625927425217
-0.626906949094494,-4.013472696927729,-5.512759452439648
-0.593867101616792,-4.128084914512603,-5.4817741021361135
-0.38589899610307915,-4.290188014281429,-6.4053765356807375
-0.2784777425481368,-4.514938319062908,-6.600403447447434
-0.47228924918032394,-4.439188911635181,-5.589033222509763
-0.2881099110118983,-4.690686724021646,-6.19111362674739
-0.13816752245494646,-4.871686655187831,-6.728768095756732
-0.02328049588246889,-4.645628827968691,-7.870205909629876
-0.16429895315554463,-4.609922064873191,-7.09550869218242
-0.32554003727728875,-4.333083151299064,-6.68174001460021
-0.5287065420578552,-4.2366510669930815,-5.655605154528775
-0.7811477169074855,-3.7888917256252275,-5.036476788166702
-0.6965523246756965,-4.287417987365713,-4.546996618076465
-0.8607408135412571,-3.9899261745347636,-4.1568493105450015
-1.008748917342095,-3.9038758135374056,-3.4409014097346904
-1.1032595325832837,-3.878643070654675,-2.924303204053018
-1.1991963395721166,-3.461604450051606,-3.182759603326158
-1.206264651399086,-3.6151730151086516,-2.833212602250251
-1.0241858896761211,-3.779009840231052,-3.598011522343239
-1.1505865938894562,-3.5687622399506056,-3.260102497624124
-0.9634520130825258,-3.8136434453264365,-3.8931475717140436
-1.2438583447491829,-3.3247585422004904,-3.1884793879659927
-1.2360220439287093,-3.6948285375294714,-2.495357202230872
-1.0428132778571857,-3.563623197979728,-3.9170204777595004
-0.899812560967607,-4.127178422280409,-3.647914330495611
-0.9408103228146006,-3.8168214081573515,-4.022641787659763
-0.8580521365863308,-3.776795924196545,-4.599241872950996
-1.0016382570754547,-4.077349912644046,-3.136617173121252
-0.9882375062175326,-3.7616951832105485,-3.848331137135777
-0.8333686215024265,-4.244004934096334,-3.8129249436548442
-0.8339627612302943,-3.7698436203209558,-4.7576827328383935
-0.9961562703244197,-4.006137912115416,-3.31193309468472
-1.1660674725813651,-3.753124572331285,-2.7984925607113094
-1.1059145476654928,-3.6453426495784966,-3.37497395571212
-0.9595340193078481,-4.006008667952518,-3.5319250891099463
-1.1256525240421056,-3.8967367910975894,-2.753757814414257
-1.0127515439062782,-3.7072321700540516,-3.8101729373162985
-0.8721985525010653,-3.928882698381166,-4.210189829093346
-0.9287463317235125,-3.830859217067529,-4.066950116385937
-0.8884273550027909,-3.7976482407381633,-4.375285929368997
-1.0219869134613746,-3.8813029325004558,-3.4066191950929126
-0.9736340508936399,-3.7897541905674954,-3.879833854365241
-0.8749352289425477,-3.750284253376927,-4.5509666604529295
-1.0935502227544973,-3.4644384742389907,-3.810968255857107
-1.2771598767069328,-3.3115093180125172,-3.015168644595441
-1.0028375211560563,-3.5215383496074115,-4.24104471471091
-0.8985196938746033,-3.9087566173320134,-4.0925151429504245
-0.7414540605663272,-3.8525577060791423,-5.147306765305824
-0.8951864562582049,-4.123109154333976,-3.683809494644889
-0.7009787398490428,-3.995117046451674,-5.105040008864465
-0.9768877365742031,-4.019144303257993,-3.401531514900867
-0.930149073183557,-3.8856042780140876,-3.9490435457325535
-1.1017712859038231,-3.7892444760837454,-3.1120298732716405
-0.8489823702347918,-4.217883402038621,-3.7714855153760793
-0.9009048449180963,-4.156960197079857,-3.5817970771937793
-0.9868920430456982,-3.8537199582565727,-3.672354366074735
-1.1806497128295126,-3.39099550397232,-3.435257255940355
-1.278720576879164,-3.5538665233432694,-2.5210900329005477
-1.0781130992793,-3.9696477742303258,-2.893172396725618
-0.7907475708035752,-3.960996046530197,-4.6346690229802245
-0.7744764008662559,-4.294350401376301,-4.065587332911934
-0.704752643023175,-4.285891569826945,-4.5008475430691295
-0.7788114371246019,-4.2682183333285275,-4.091841251457406
-0.9332216071147177,-3.86251895551979,-3.9767789871341837
-0.9061277367211773,-3.8433284372685663,-4.177723245997874
-0.9817238232443197,-4.0059442800599845,-3.3989150412761835
-0.9434884111037967,-3.9566249136745766,-3.7269662468901377
-1.1550836242333904,-3.5250962060222273,-3.320452383417273
-1.2426023028825164,-3.7086230721344147,-2.428286579298144
-1.5086932620641844,-3.2996283449299577,-1.649730278617049
-1.7262323113255877,-2.8143724148774503,-1.315007843153643
-1.731919850470349,-2.908314978476629,-1.0929974810867173
-1.4891456141414336,-3.4994626150344588,-1.367347625944551
-1.4127206529978662,-3.3486433190239757,-2.127535984826922
-1.1975705081333918,-3.352427920673886,-3.4108676507139464
-1.103107254934587,-3.5144065749545885,-3.6536898613453705
-1.0936704599131206,-3.7088651208712453,-3.3213935396408556
-1.1571769527624394,-3.4525429752188366,-3.4529988738497615
-1.4224533471325158,-3.2549887010599914,-2.2564490559469923
-1.218131099404068,-3.725296498021448,-2.5417669483947667
-0.9949001325975823,-3.7251056913288845,-3.8815343626188077
-0.8594468967741437,-3.877332072826551,-4.389801014564107
-0.7583635785274043,-3.8997290750786795,-4.951506919540286
-0.5445532410857976,-4.327399820184259,-5.379027453978767
-0.7552300902652976,-4.151107913715478,-4.467550171839329
-0.6390311556463264,-4.150446994692937,-5.166065617598237
-0.6129849556085687,-4.310654464766871,-5.001927877676916
-0.7682091819141444,-4.06288058016212,-4.566130289052963
-0.694160841339982,-4.3530806957523644,-4.430020101317448
-0.9822152562741162,-4.092393995554655,-3.2230670121080642
-0.8348626755809323,-3.7034014085145848,-4.885167670347306
-0.8305366381430654,-3.7463782799223013,-4.8251701521590755
-1.1088190244613345,-3.4450570895668946,-3.7581182149602737
-0.8228699325256493,-4.1335370007713506,-4.096852944165474
-0.9609261562538829,-3.686350153333379,-4.162889296672015
-0.9206008599983051,-3.830603631288579,-4.1163341182950814
-0.9761964754499868,-3.5423292561806563,-4.359309175800837
-1.0335040330152088,-3.6191546668477486,-3.861813009075321
-1.225193979223669,-3.6772137212791955,-2.595555222961666
-1.4752523615457989,-3.5549322821187017,-1.3397678073498753
-1.5382779348186597,-3.353255071887669,-1.3649687881747745
-1.5554675565025633,-3.3939534080736866,-1.1804343856993165
-1.6642805566745593,-3.187151033463943,-0.9411611338868302
-1.4583984181878968,-3.3501286297433364,-1.8504987722480168
-1.4530666969043051,-3.3177245448697357,-1.947297269696768
-1.2424467807027288,-3.779260555239131,-2.2879447461674354
-1.5040091688674189,-3.085470091287349,-2.106151345082858
-1.3972685255546429,-3.1923167892626534,-2.532901809008904
-1.2206249369980517,-3.4114687139585924,-3.1544594909565746
-1.1504379190853653,-3.887259765263226,-2.623999495823425
-1.2810935396056156,-3.256181425024631,-3.1022224531791154
-1.2828686371150673,-3.3693286140332077,-2.865277490105251
-1.399992390388693,-3.1764595695124718,-2.548273059504968
-1.1273667765272797,-3.8416918749160844,-2.8535621318662234
-1.1786856055685877,-3.71839307896074,-2.7922467495290646
-1.0642699973349332,-3.829616272173414,-3.256294012505644
-0.8273020762016269,-4.006415293753979,-4.324503496144351
-0.7496706048016677,-4.029035159246307,-4.745052593559448
-0.4746280891184022,-4.355222655452145,-5.742932695247367
-0.3679718131271627,-4.6391710415725065,-5.814973578954082
-0.427073411211294,-4.316388410739535,-6.105929252115239
-0.1980561128672492,-4.798151405585062,-6.51650705248845
-0.42395583474680343,-4.491161479118165,-5.77508857414492
-0.6178509240217703,-3.955157450604416,-5.683726095522618
-0.6625578758448063,-4.25184436394807,-4.822110557897093
-0.3899857771706062,-4.380848858619721,-6.199534160598991
-0.12642923447772236,-4.508915392980917,-7.5247403480339035
-0.07107840730711447,-4.997141381615967,-6.880393333787449
-0.16033208101870017,-4.798607160091794,-6.741939734566283
-0.2734624346752803,-4.252167878762556,-7.156036175285277
-0.536282803594659,-4.260419919376308,-5.562609880541501
-0.3126434387762362,-4.613542213028325,-6.198201482148005
-0.37260802330609044,-4.2358639489446865,-6.593770503136156
-0.5798634511217757,-4.140827400350972,-5.540311033429472
-0.7280292877957711,-3.7894586606686467,-5.35405349275015
-0.4861850595420909,-4.158639504788062,-6.0667571740334
-0.5013923831442099,-4.463365547336054,-5.366061147324702
-0.553967216760215,-4.2781406507412765,-5.4210619388182275
-0.7837380880289662,-3.785576263496502,-5.027565485695271
-0.9772273676025823,-4.097000056878143,-3.2437822214902914
-1.191207171880875,-3.7474287032655402,-2.659046103045739
-1.2676187034188866,-3.3474982182355877,-3.0004378838775745
-1.4451574382954147,-3.3611895124678024,-1.9078228861539777
-1.270867411341069,-3.643682318073311,-2.388577436669036
-1.3185820763476872,-3.3653726939103796,-2.658908694955188
-1.503618918582721,-3.293846339143946,-1.6917403510778528
-1.542089997058024,-3.4183107681756972,-1.2119850221625315
-1.3239200650384835,-3.253481907530166,-2.850662335570839
-1.384044281242489,-3.1807185660370956,-2.635443721332946
-1.5937693727003495,-3.2950576693380813,-1.1484149659838112
-1.6275952949029449,-3.214953685173877,-1.1056674010966483
-1.3543770568832714,-3.7219918118137603,-1.7309005759349219
-1.121261462591994,-3.500515039666,-3.572547685978105
-1.2500540903218973,-3.6965898869259246,-2.407642225078839
-1.354587658426441,-3.450144794644342,-2.27333100101474
-1.298584384418957,-3.381524302556225,-2.7465916292358794
-1.2078261103507868,-3.7430425915092127,-2.5681046957389237
-1.3875632956009714,-3.212527345751177,-2.550712075753888
-1.246042841687802,-3.3634266157028416,-3.098036259329575
-1.5142399699917028,-3.054135878780539,-2.107434963350775
-1.5074030776962812,-3.4678733456297626,-1.320981383424857
-1.4652481520622689,-3.3386520855486017,-1.8323534573912545
-1.3265291366030945,-3.357522230653793,-2.6269272599359197
-1.333656889399433,-3.2828641021230727,-2.7334770002193274
-1.1230640821348064,-3.7107141902717946,-3.141333667509642
-1.3671744065477975,-3.1658816212955374,-2.7663368589842094
-1.6552265396820882,-3.153304139039212,-1.0631790246911168
-1.3740480604142231,-3.194728149354516,-2.6674018796677
-1.3615178448072787,-3.480931208245853,-2.170177055526693
-1.4191877098276364,-3.595236052587632,-1.5955481767209898
-1.392929160565062,-3.688056024092598,-1.5674595292865017
-1.3091119128514515,-3.7377311061752754,-1.971012851402812
-1.2022148905498353,-3.5412411337149066,-3.0053749301332453
-1.16737063098003,-3.5348371039732482,-3.2272485470353947
-1.3063260637826253,-3.513667568407946,-2.4358550213504278
-1.5516999721228006,-3.1460809719431815,-1.6987847642389045
-1.2988864899666306,-3.743649712124859,-2.0205281768125696
-1.3371929789570998,-3.276495953147996,-2.724996760823481
-1.1770339189349124,-3.763716566107347,-2.711509895037902
-1.018227197848945,-3.6111198763748047,-3.9695436010187897
-1.1945130836927618,-3.649694060034747,-2.834679918636006
-1.1040556218758513,-3.7539891247695376,-3.168834560067888
-0.9960655661928096,-3.9988010597046872,-3.3271510242958384
-0.9059356528523373,-3.824930558061907,-4.215671507624233
-0.7968395143096437,-3.9673867821963826,-4.585335890611444
-0.548627885306888,-4.140677797437747,-5.728023634145249
-0.4343200843730166,-4.428311065798072,-5.838603903027828
-0.17116419046094095,-4.603696738751586,-7.066767920593253
-0.1982234169643567,-4.713357971586509,-6.685090095902911
-0.1767183609261125,-4.755585467049941,-6.7296654412055155
-0.11824051195014837,-4.510637112674154,-7.570429243812874
-0.1144512741585955,-4.519097766157556,-7.576243363595386
-0.16644178333415577,-4.591404653550904,-7.1196865337553294
-0.06099213263984306,-4.777392899871185,-7.380407945280641
-0.19670302464078204,-4.739762267462051,-6.641403858093276
-0.4019999783499628,-4.182942303777558,-6.523262063207177
-0.42516778405339645,-4.552397451241112,-5.645344934059467
-0.45833845214145574,-4.244956535029792,-6.061202757953751
-0.18925196910509043,-4.633231770610243,-6.899171185011042
-0.11883955244180427,-4.66290328673633,-7.262302652738585
-0.3347891359633305,-4.449271585691922,-6.393868553698243
-0.4991576501940166,-4.207927261519389,-5.890346116659194
-0.4756985665712101,-4.222754952358967,-6.001445236716877
-0.2563126317418753,-4.768164417689854,-6.2269419150311105
-0.4479989333648557,-4.081738001208636,-6.4496769382556645
-0.641164348204303,-3.8796010813208754,-5.694958288994503
-0.8799099156586648,-3.9799958338198382,-4.061695379270405
-1.1240231155907516,-3.8555703459405684,-2.845867155436425
-1.3650984577018184,-3.2419850951657763,-2.626585604319607
-1.5209328422329238,-3.2559203010072757,-1.6637088854499769
-1.3131984208627807,-3.4962743758320807,-2.4294072640212256
-1.4984578568379125,-3.3017642542441115,-1.7068708913463735
-1.6160895011337197,-2.99565011879058,-1.6133092964785913
-1.5379167952430592,-3.3453909056873106,-1.3828639580290936
-1.4253978535797154,-3.296793885504815,-2.1551716483741474
-1.6254057114278833,-3.2861189853690287,-0.9764743015567147
-1.4205826952766705,-3.252893161532349,-2.2718640461373494
-1.1864058146951608,-3.641158435234065,-2.900394782222976
-0.9019982112887197,-3.710500581444647,-4.468156110240459
-0.6688499815393155,-3.918722263501841,-5.450602124622495
-0.39254142977292694,-4.6330721042749285,-5.679753753674651
-0.6296865139894309,-3.9962446673408603,-5.530538122243764
-0.49286973164185366,-4.121015232003097,-6.1018976870047545
-0.6646091100314031,-4.0371956717811255,-5.2391005371114
-0.500456520069301,-4.427538047132344,-5.443331326181579
-0.220393884869927,-4.463624415009871,-7.0515344016227655
-0.14792288889910443,-4.378186680552819,-7.657235846361806
-0.10426524435347997,-4.874895312544837,-6.925764449651518
-0.32051414288264063,-4.2154367323479445,-6.9471882188703376
-0.24124935622325722,-4.415557562574483,-7.022535278373563
-0.5044719726883921,-4.526795107376553,-5.220724489978612
-0.34328297697922827,-4.496513280811118,-6.248422117364465
-0.2472110666500845,-4.518670766046057,-6.780538608869448
-0.10798696681374141,-4.560566879783174,-7.532090980413274
-0.04254409424021706,-4.603087919990273,-7.839706135440221
-0.029038115755487273,-4.60822311780584,-7.910471610717467
-0.18077157783888498,-4.6139358461205635,-6.988645381587633
-0.13420268426399237,-4.634962254187556,-7.226005926903005
-0.17045857911591422,-4.803406198767038,-6.671582668632508
-0.24291607661692594,-4.512886160268111,-6.817877760624293
-0.4079557149259826,-4.380782542424758,-6.09184716645666
-0.1686696307271317,-4.705349664467546,-6.878429427564189
-0.39600768116328267,-4.543833548193869,-5.837433357494637
-0.5927702774038043,-4.157086761330576,-5.430351353778092
-0.4294839257726224,-4.23297233363504,-6.258298318956258
-0.20541310697344192,-4.508314392845852,-7.052039113329714
-0.21168407113318924,-4.298826604535483,-7.433388904991968
-0.44323742921921666,-4.367684184739658,-5.906353596067455
-0.4460107684165453,-4.540699514535299,-5.543682901292201
-0.5760841710877284,-3.938627966747505,-5.96738558084069
-0.5354248952315124,-4.470100610218306,-5.148395949036384
-0.6878834806137506,-3.8933657834443776,-5.387114090290813
-0.9087023479864581,-3.9961242157372574,-3.856684021468807
-0.8102993751947798,-3.964514840118313,-4.510320609456766
-0.8736042710968929,-3.8783331993754144,-4.3028545155298845
-1.005307544396506,-3.850301836426636,-3.5686976016297622
-0.8146098130624031,-4.00788890089672,-4.397709860694212
-1.0944755649694153,-3.512131480254277,-3.7100301905370263
-1.036205052332375,-3.9524342826576793,-3.1790476615524614
-0.8793446785625265,-3.861469637333511,-4.30213919481989
-0.715299852305617,-3.912937350256093,-5.183472726516184
-0.6991902843465342,-4.33957529175066,-4.426854251281545
-0.7992350218362567,-3.7467805645485686,-5.012175280747392
-0.6237373452197521,-4.217147880352311,-5.1244267088389375
-0.7898338295361298,-4.234455295912602,-4.093232971820089
-0.8686521594690366,-3.942509287523707,-4.204215009000436
-0.6612203127197676,-4.379200959707589,-4.575422745128286
-0.6647081530683007,-4.002966174943049,-5.306965272566169
-0.793385099730321,-4.14415298267672,-4.252529977126706
-0.8928948711604091,-3.700987767531541,-4.5418017788365335
-0.8871482365799115,-3.6983451665410993,-4.581566788300403
-1.0256661443518738,-3.9129012865493373,-3.3213471016521523
-0.9424513113349116,-3.8151889953985423,-4.0160606820555165
-1.19485951004204,-3.636409822551471,-2.859169835506888
-1.049676807865118,-4.010108435467795,-2.982868822735774
-1.0116785748431132,-3.6226839567480025,-3.9857071783073845
-1.1413736261200629,-3.39212141122784,-3.6686619616860114
-1.263306273199013,-3.5302664461965314,-2.6607760092749304
-1.3691113078706802,-3.561258776279839,-1.9639611410783104
-1.102074095535159,-3.5623354415799837,-3.5640310844911514
-0.8324360169508526,-4.019391951457571,-4.267746536241814
-0.9693898541196829,-3.7985309376207486,-3.8877455409024746
-1.0190272827325333,-3.6246218894525915,-3.937739065561688
-0.912205239504524,-4.154931198973789,-3.518052705887347
-1.141026206417376,-3.8584681725641823,-2.738052957229449
-1.0027972994013437,-3.5946138987600933,-4.095134946933822
-0.9555374018556938,-3.6877851881582298,-4.192351753411448
-0.6751738173078543,-3.985918461735489,-5.2782667135439665
-0.48762275890857315,-4.188676396824271,-5.998057193762089
-0.6152472513812914,-4.23784595261887,-5.133971127336584
-0.5294044802457999,-4.151426752797911,-5.821866153791451
-0.4442745246096837,-4.476718395740048,-5.682062601723874
-0.3275408508521159,-4.489410574204343,-6.357080287340691
-0.10084026208909584,-4.566941572660127,-7.562221823007241
-0.1688804131129149,-4.382419550856526,-7.5230249604715285
-0.2919437051220882,-4.516622413172552,-6.516239483784437
-0.0899546555967685,-4.658249099514173,-7.444920408253111
-0.12671197274295906,-4.771379883762009,-6.998114936880299
-0.04049783037627143,-4.532225051236216,-7.99370945613201
-0.28387535812173165,-4.369870290403733,-6.8581538113242155
-0.20194534164744327,-4.649480904813113,-6.790512681351186
-0.21620960997020094,-4.689010564230749,-6.625867752579367
-0.14503135054009156,-4.480688749112034,-7.469580939397452
-0.1090695769191953,-4.625733629129278,-7.395261821088343
-0.018775294997767592,-5.051909035972019,-7.084676698931427
-0.01892850172447513,-4.527823867051611,-8.131927796411999
-0.20531978025175135,-4.77236182994323,-6.524504199465102
-0.4855345844066549,-4.186319625622326,-6.015299783177491
-0.7314666791079086,-3.9690976690976343,-4.97415112801935
-0.5582412269078549,-4.392357795389476,-5.16698358863599
-0.5353639370569808,-4.416336474760117,-5.256289968999952
-0.48850455026208484,-4.287797959357747,-5.794523320574067
-0.27153055556567407,-4.242305361589462,-7.187352484289103
-0.4039630891916193,-4.298409291651588,-6.280549422409181
-0.42863984759587564,-4.173248195596177,-6.382811064094463
-0.2701689721039315,-4.361618888659265,-6.956894930919953
-0.35622366860015436,-4.200365178900896,-6.763074171459353
-0.37154228327339023,-4.551972344604278,-5.967948152013174
-0.18367905455847533,-4.492420388546844,-7.214231436417531
-0.17322975871670163,-4.672667783366058,-6.916432421829746
-0.04152263463881383,-4.764149023457311,-7.523712686114565
-0.26536955405584506,-4.425512206103201,-6.8579048043206
-0.5207769771668408,-4.499360491396238,-5.177763695068548
-0.3311292377259998,-4.275653796198303,-6.763063522109467
-0.2675697246684278,-4.350149154710299,-6.995429883430906
-0.29795856646868774,-4.5047010769218865,-6.503992988206172
-0.5076906151072319,-4.080951724557178,-6.093099401104326
-0.30352310953661166,-4.459625930242791,-6.560756023156819
-0.5404564197045807,-4.487426364094855,-5.083555294444876
-0.41572039674009137,-4.532549108943433,-5.741725942534655
-0.6427663009095217,-4.41920846859058,-4.606131798223781
-0.5053363409729822,-4.082071459708033,-6.104985575608111
-0.7554549218770381,-4.269074391404058,-4.230268226791726
-0.7636845344074191,-4.173641765714078,-4.371755802989401
-0.7619367572858389,-3.7923328502415954,-5.144860296663846
-0.8024029754845474,-3.8675458542245593,-4.751636979505668
-0.5565663321835367,-4.358803967957575,-5.2441406118457
-0.6010781339289695,-4.090554875616679,-5.5135679860548965
-0.691106637510478,-4.347957687462619,-4.458591340873964
-0.9550761848947774,-3.999418747063537,-3.571851937366332
-1.0847833671977989,-3.4274079722482824,-3.937630393178711
-1.161060862207936,-3.518477628638876,-3.297826110336704
-1.423851464686486,-3.094441825956594,-2.569154100829966
-1.3500316198412758,-3.644418635972696,-1.9121195498690224
-1.2610140525756341,-3.403692709973465,-2.9276768054613362
-1.4240606986477156,-3.418351907814093,-1.9200785333475912
-1.5398831168357332,-3.148246450066707,-1.7653549397142574
-1.590901399357793,-3.3313391948404685,-1.0930597550343755
-1.641260169045605,-2.934294614723497,-1.5849962971414453
-1.7497325676823443,-2.8868026911069884,-1.0291457525540266
-1.7754778092577155,-2.8145888397244967,-1.0191020058667837
-1.519462858293881,-3.4820378608818414,-1.2202936693351019
-1.4709009115700316,-3.5922881811159297,-1.2911647092100214
-1.6919788896109516,-3.073589090056843,-1.0020950230826742
-1.5536699676403083,-3.068315601145129,-1.8424955327299635
-1.277894666667032,-3.4798339394566287,-2.6741106619466213
-1.078698201010277,-3.939237152166357,-2.9504830304676943
-1.1833413428090345,-3.747972953924993,-2.7051525761578787
-0.9115814314980758,-3.619785384344226,-4.592087183185164
-1.0022204821992773,-3.5230399067149945,-4.241743834236418
-0.7382976749566708,-3.7801028102526115,-5.311154870616823
-0.8529848059665702,-3.686752450573605,-4.809732803915439
-1.0363302915001418,-3.7862716283213977,-3.510621535218423
-0.9475380075205678,-3.675286446419064,-4.265345602900536
-0.7756264381157132,-4.180852889845862,-4.285682132476068
-0.8506626889406705,-3.72636490671599,-4.744440593786068
-0.8054443834731269,-4.194306985782083,-4.079866268459144
-0.8799856373578835,-3.947020892178309,-4.127190932358153
-0.7824471786778808,-4.256577539335843,-4.0933083901230995
-0.4953908224019451,-4.312572898508864,-5.703655809432671
-0.25779702727577064,-4.752715649448648,-6.248933078310151
-0.2710741266864102,-4.610824297076798,-6.453053186590014
-0.05685398538301243,-4.9504692979511,-7.059084032661796
-0.0862647758031162,-4.627007354841307,-7.529543176360757
-0.26990264076733644,-4.634256700937728,-6.413217294382596
-0.5131123160765885,-4.48351540313845,-5.255441838125638
-0.5596948985326274,-4.262404724517836,-5.418167700630635
-0.7216360995356609,-4.287206539979272,-4.396916863689562
-0.770693927128557,-4.164051516064436,-4.348879945961857
-0.6782551661292456,-4.134839453713188,-4.96193663666022
-0.6758538581997754,-4.250170221703957,-4.745682948255503
-0.3895420458616371,-4.18098674697534,-6.601920771741567
-0.11225804316856208,-4.624510177538322,-7.378577926774055
-0.18829552557667023,-4.661355247959066,-6.848662891483918
-0.2673064596475909,-4.753305431190578,-6.190696920595369
-0.17853801523650972,-4.404845872791037,-7.42022670386094
-0.33927520936006866,-4.472160874766781,-6.321173535168096
-0.23379032755503415,-4.534915920270794,-6.82857273499028
-0.2712421611805039,-4.373561205533245,-6.926571162712557
-0.13725990340872338,-4.85253290653964,-6.77252130733045
-0.1888602179825934,-4.506478563368308,-7.155028106229895
-0.1657958107230347,-4.391723820518518,-7.522924035486827
-0.2650227227713897,-4.289993992632493,-7.131022218968749
-0.0007716371419887379,-4.676390393857689,-7.94373593029476
-0.12967357306271143,-4.7986935169357325,-6.925718068614336
-0.03234337949075553,-4.6394949803012855,-7.828096303314966
-0.2822702623660667,-4.459727666589335,-6.688069633487
-0.4219046017375885,-4.460611239311113,-5.848496451814315
-0.5777859248404295,-4.36057680506533,-5.113277381688834
-0.5745114892896737,-4.505113031815857,-4.843851541492313
-0.4710419372413519,-4.336763991665467,-5.801366934083026
-0.6867580018907627,-4.1920103545826795,-4.796577820352136
-0.39958706324105203,-4.65616612386681,-5.591291913682139
-0.2873212173741109,-4.321030856052019,-6.935157524513366
-0.012565923065256047,-4.798551459924599,-7.628648082621338
-0.039890282307070334,-4.619730871110507,-7.822343104798635
-0.06285927160880095,-4.896367778714087,-7.131255353781092
-0.2305904926573389,-4.75277686783722,-6.412049849243597
-0.33690171224095444,-4.557378267672278,-6.164979732071788
-0.09943267731237422,-4.5409565361671005,-7.622637404653624
-0.06859266204922707,-4.763030918512411,-7.363528731541888
-0.26255959194566275,-4.421000720647827,-6.883787547892441
-0.2078576368484501,-4.33065426010139,-7.39269219956859
-0.038061877536977706,-4.623632747757874,-7.825509780124456
-0.08568248924613597,-4.629347042756776,-7.528357519871703
-0.2628699367711905,-4.263265850899738,-7.197395218435452
-0.49650867023914,-4.426913017822471,-5.468268483782286
-0.7097221627573661,-3.9213510383203687,-5.200111487677137
-0.9084948971140236,-3.9846448013408224,-3.8808875554962836
-0.9050476996457526,-4.13730462110278,-3.5962511007819957
-0.9561731988833597,-3.807542153941825,-3.9490230396782624
-0.8646115710334257,-3.6535851069030088,-4.806306900855499
-0.861601143347204,-4.169026559274711,-3.7934865622294245
-0.8556857061809663,-3.7434539637296047,-4.680124376317065
-0.8285571800912521,-3.7924687364235834,-4.74486598746739
-0.7166653429590328,-3.856228399682121,-5.2886976837436315
-0.5742806867385173,-4.460583028703104,-4.93429636302476
-0.3718156510811152,-4.438430228180533,-6.193392178014314
-0.11229454617701257,-4.600154153944472,-7.427070955911051
-0.06791804168255494,-4.928970319421211,-7.035697651924318
-0.2967167617804814,-4.581683396131014,-6.3574791779171544
-0.5118140935879976,-4.528585363774912,-5.17309125178426
-0.6154526332525019,-4.250266709848538,-5.1078973216499834
-0.39598425140637267,-4.350663520160439,-6.223913992102956
-0.21971487971048395,-4.422194241839269,-7.138468778920629
-0.08861055228284398,-4.597118640884925,-7.5752459453951575
-0.08245094373745791,-4.739868286063443,-7.326704306310439
-0.22037961000789139,-4.3173675644031695,-7.344133752008385
-0.000562580115701857,-4.894599748366139,-7.508571563435582
-0.0032126278214801803,-4.7113324887624675,-7.859205796408255
-0.09494672660006537,-4.75651029086355,-7.218445599534578
-0.3815436088076253,-4.416014147886372,-6.179856592243575
-0.5667340468127149,-3.9490100688816234,-6.002722122222534
-0.3955200625745703,-4.177675895203151,-6.572674375008346
