Cl,Cs,Zr
-3.573138415903679,-10.719415247711037,-21.438830495422074
3.0,0,1.0,-8.756854634780002,Cl3Zr
5.0,0,2.0,-14.462381714216667,Cl5Zr2
2.0,0,1.0,-6.12250228652,Cl2Zr
1.0,0,3.0,0.23761486173999913,ClZr3
1.0,0,1.0,-3.160787153260001,ClZr
4.0,0,1.0,-11.26130661804,Cl4Zr
1.0,1.0,0,-4.509900247931035,ClCs
6.0,2.0,1.0,-21.438830495422074,Cl6Cs2Zr
sample
-3.0310871758635165,-1.5120523625434104,-0.1499178773962375
-2.814478800466072,-1.9405738521267002,-0.6708099883722443
-2.4917356125729655,-2.2662759082247272,-1.9558650035348255
-2.3918628551543972,-2.2782063907933456,-2.531240582909002
-2.1811195407843926,-2.4460628051858313,-3.459987640344056
-2.409571242380576,-2.390999272913758,-2.199404495311101
-2.4312127068720115,-2.0830435600096595,-2.6854671341706866
-2.6790050147217435,-1.9409939425996323,-1.4828125218923494
-2.6324087860360295,-2.0338489643411384,-1.5766798505236204
-2.721585900912586,-1.8781545018483878,-1.353006086249785
-2.3808601554933806,-2.5144941632049753,-2.1246812360518414
-2.3073672430584553,-2.2507928758361593,-3.093041285399024
-2.5476632253661453,-2.257644463440288,-1.6375622163446262
-2.8981336004805827,-1.8548070048369965,-0.3404148828645841
-2.8622724705886466,-1.8688509420757236,-0.5274937877387483
-2.517275146126536,-2.455197659088518,-1.4247843004858234
-2.6351297657793546,-2.146448403197199,-1.3351550943515496
-2.7472322843529042,-2.145643119911021,-0.6641505494826088
-2.725863645066115,-1.8067872906486375,-1.470074043728109
-2.6596667448181557,-2.1080250349091347,-1.2647799566948716
-2.386858887907567,-2.690601345778722,-1.7364744764192295
-2.7017027738065815,-1.937150845146185,-1.3543121622902172
-2.6664557682758696,-2.0861057965044383,-1.2678842927579812
-2.528219507768253,-2.5479943671419316,-1.1735247145286927
-2.691160669445196,-2.0784102538353224,-1.1350459710802538
-2.6711578057745347,-2.293353148252182,-0.8251773642705031
-2.607049587320302,-2.1398094187951533,-1.5169141339099563
-2.853320356382059,-1.7418824214020572,-0.8351435143256074
-2.62130382883612,-2.2375273250713676,-1.2359528722626203
-2.3000213987690694,-2.635056097149562,-2.3685899085085347
-2.2939648777698425,-2.317286679497583,-3.040467869807855
-1.9404037309673916,-2.6954686437066795,-4.405470822204366
-1.952861489273553,-2.9892253820986694,-3.7432107955834173
-1.7068751230514947,-3.3118374111694644,-4.573904934774177
-1.3887320569281654,-3.42262670701419,-6.261184739824701
-1.576683282525211,-3.006786713321761,-5.965157373627288
-1.4935332222648947,-3.0991756509371906,-6.279279859958327
-1.6184957511804112,-2.901277892282055,-5.925300203775499
-1.785047485218661,-2.9163025469082062,-4.895940490293696
-1.4912489761678434,-3.5239586309999416,-5.443419376415131
-1.4653622849621764,-3.353360839438439,-5.939935106772138
-1.550133042411881,-3.455315259235862,-5.227401722479063
-1.4901616198986232,-3.321962276884233,-5.853936222261871
-1.1833553944950308,-3.742657176411166,-6.853383775629558
-1.4238312802334478,-3.343510169432717,-6.208822475155953
-1.7544806333009335,-3.073977146624932,-4.76399240236661
-1.88845839525009,-3.1509910689930933,-3.8060979859353496
-2.1815379251499967,-2.4861223486371973,-3.3773582472477
-2.4853385582500116,-2.4501507426215996,-1.6264976606788044
-2.1552715356995384,-2.538283725512129,-3.4306338302005863
-1.946969353250078,-2.7583607142838296,-4.2402929473539475
-1.9677513791309793,-2.820532190457369,-3.9912578397214618
-1.8916323883846993,-2.6430081757767185,-4.803019813560441
-2.082049420947929,-2.642669238083904,-3.661195493566694
-1.7978565261283452,-3.202610432034388,-4.2464704745832265
-1.7091973780492908,-3.198134380421996,-4.787377466282336
-1.557550269351921,-3.106247772655851,-5.881033333998846
-1.871191813800722,-3.1126075698362907,-3.986464472945163
-2.083653188744011,-2.5113148170735142,-3.9142817288109812
-2.322676088775393,-2.5382397868665016,-2.426294389036715
-2.601894875880413,-2.2147294807524007,-1.3980022786347956
-2.4391072791526565,-2.5612484308130825,-1.681689958879969
-2.3532680747049,-2.2234916371508575,-2.872238772890959
-2.4428584614474707,-2.2789906751997853,-2.2236983763376807
-2.152872902103505,-2.587771105750435,-3.346050871300172
-2.2004619782637076,-2.67776514191078,-2.8805283420182692
-1.8701232038942965,-2.8088678600652304,-4.600355551925834
-2.1994551213752467,-2.7978959668146426,-2.64630783354131
-2.1431565981958043,-2.403597722669457,-3.772695460908336
-1.855173035363961,-3.0364435137735506,-4.234905255691207
-2.209837195919962,-2.6620739694082953,-2.8556593810857143
-2.4522669445167025,-2.1626741332561874,-2.3998805618094865
-2.479388230432265,-2.3416154565420384,-1.8792701997444092
-2.521544689892028,-2.161872971410765,-1.9858164132483782
-2.3386457729823475,-2.654785279269773,-2.0973852989884425
-1.9886532666176628,-2.6561796354790475,-4.194551624758004
-2.1642611916715495,-2.511019166776906,-3.431225011838966
-2.444309639682389,-2.5630839217833774,-1.6468048137609879
-2.2403220943762405,-2.8000236968644012,-2.3968505354358283
-2.0252302829705457,-2.78376104050338,-3.719926716592042
-2.240801347619973,-2.657888190686083,-2.67824602833007
-2.011858453359338,-3.040706233083625,-3.286267309098796
-2.033797287063079,-2.9727111713216736,-3.290624430400254
-1.8094861206685275,-2.8226305970877696,-4.936652577235369
-1.8727163367012238,-2.784996386041105,-4.632539703132523
-1.544654115147294,-3.0387924836207967,-6.093320837296718
-1.8769378912640895,-2.7588339039370697,-4.659535339963399
-1.8534518397274018,-2.8131325511464143,-4.691854354764836
-1.6959628670514797,-3.3925431745111614,-4.477966944090873
-1.8918617341993151,-3.039479342032168,-4.0087014061618484
-1.608249617037617,-3.3896437712104084,-5.010045250775556
-1.348803956874993,-3.4017296357002706,-6.542547482771576
-1.1934731062455757,-3.6440183477181756,-6.989955162512268
-0.8916159627621979,-4.1770692970168355,-7.734996124815215
-1.0072852641750136,-3.8214442257453274,-7.752230458881337
-1.2888170067248355,-3.2994748423389546,-7.106978770395151
-1.5572186328083673,-3.4849911439049603,-5.12553641076195
-1.3686574007863652,-3.225883347413795,-6.7751193958762945
-1.4200922180231392,-3.1043357313466666,-6.709605724589906
-1.332535755202905,-3.668698226410173,-6.106219511384298
-1.6093724960435876,-3.1497532422774936,-5.4830890346055625
-1.5795742663901875,-3.383296283196672,-5.194792330687606
-1.4958793270064485,-3.5680604810552654,-5.327433571272854
-1.7008266505074447,-2.889428724972601,-5.455013142432205
-1.5917941039141752,-3.26005011479856,-5.367965642339906
-1.8638827099610886,-2.7100767943166093,-4.835380647022326
-1.8860876605706984,-3.141493903918829,-3.839316724160224
-1.5980348804028788,-3.290578508591158,-5.269464195822485
-1.6709752306388783,-3.1920909376895166,-5.02879723620977
-1.6726900573166423,-2.8561205417510256,-5.690449068020169
-1.8176533904970473,-2.9034118340535455,-4.726086484332701
-2.0508644353858783,-2.666960025293171,-3.799723832520464
-2.4041880106253832,-2.359836206199762,-2.2940300192702527
-2.443467130088892,-2.348164170598969,-2.081699373690784
-2.4209392463627597,-2.321974743521404,-2.269245530202709
-2.4770965958349356,-2.203929924741133,-2.1683910709301957
-2.228711687921614,-2.559665244124014,-2.947229879644364
-2.39289741821178,-2.1774703901451526,-2.7265052058610912
-2.316659463626914,-2.676490111543715,-2.1858934905731586
-2.2512056883013156,-2.7824452571941345,-2.366705851225912
-2.085956993390458,-2.504259241942156,-3.914570051195016
-2.174187928077665,-2.4043030347503582,-3.5850968574553708
-2.513867770360543,-2.467424365657214,-1.4207751419443855
-2.6016681718604544,-2.1062344236110317,-1.6163526170372848
-2.9326948333168317,-1.6152583864506926,-0.6121447226197008
-2.6144070204780863,-2.169189375913671,-1.414009620726214
-2.5416795974300257,-2.395519453844869,-1.3977140031521813
-2.4060897833558514,-2.191202722659335,-2.6198863499682963
-2.465474493830857,-2.3266543244721354,-1.9926748834926635
-2.111929049840506,-2.8992871293920586,-2.9686819375949227
-1.8554649948700463,-2.919447958529945,-4.467144609141907
-1.7534567134474563,-3.1337578413881477,-4.65057453196104
-1.8351919916715649,-2.868725125534083,-4.690228294324521
-1.9603084284093555,-2.9081896922480057,-3.860600540469929
-1.661408865452571,-3.273857534979669,-4.922662232747312
-1.5176154579752816,-3.1200920143350177,-6.092953718900349
-1.1924997007187408,-3.5131104556093455,-7.257611379890938
-1.4544188006501808,-3.0922175310840947,-6.527882629352799
-1.5328934307809963,-3.3298821087555894,-5.581705693224919
-1.5450349535045595,-2.983144983228403,-6.202330807937913
-1.6751057867925878,-3.0944098028131686,-5.199376169040209
-1.636889248415686,-3.217786989826957,-5.181921025274044
-1.667990270758611,-3.168963437644672,-5.092961995581066
-1.470775601226662,-3.2742260876989207,-6.06572471266426
-1.7803536833105842,-2.893539467305254,-4.969629460948063
-1.5240989598739685,-3.5618112858210047,-5.1706141645362536
-1.8349521934903592,-3.0615946271648817,-4.305928080150156
-1.681645374524313,-3.343496101749394,-4.661966044777409
-1.731206210325427,-3.2305170328073314,-4.590559167854849
-1.7123614941980483,-2.945723258560173,-5.273215013113439
-1.7861461609955498,-3.1826734389174796,-4.356606651613817
-1.8837869273842742,-2.977758618931766,-4.180591693252898
-1.9211725365411503,-2.7470829457958588,-4.417629384583454
-2.1976344856990844,-2.337495968789626,-3.578031643648316
-2.3768989514144634,-2.2209804337334704,-2.7354759194683527
-2.2602325410708315,-2.7043504397741303,-2.4687343694488253
-2.5818904568547945,-2.1917546844788984,-1.5639783853355105
-2.2958154520727896,-2.7093896026092996,-2.245158577766737
-2.3855440984191256,-2.1894208093816103,-2.7467242861441004
-2.147275326926437,-2.85866407382135,-2.8378503862207514
-2.405105656514006,-2.376682940751416,-2.254830674835206
-2.239351756299253,-2.349714090204276,-3.303291777218004
-1.9268903786597498,-2.7127430462563633,-4.452002130950848
-1.6987250104222147,-3.117256527830789,-5.011967377227209
-1.941553607149088,-2.810686983918014,-4.16813488469152
-1.9880832941730437,-2.795323773704464,-3.9196831829748855
-1.800701150155456,-3.202820199700617,-4.228983195088105
-1.5250973556564689,-3.4755577252247387,-5.337130911033784
-1.8041104098105023,-3.2065422583087484,-4.201083519941565
-1.9190141387906285,-2.6867375169846883,-4.551270628708926
-2.2538903046126384,-2.6373833180795736,-2.640722031587097
-2.2596130502021397,-2.6673049899908405,-2.546542214227558
-2.282214868424186,-2.5998136467645314,-2.545913991347897
-2.2487941188299554,-2.70071893852613,-2.5446279053900835
-2.271286624570408,-2.792601958063443,-2.225906831872737
-2.4349807129021017,-2.14834969446388,-2.532246829081704
-2.329616429731492,-2.18161024656793,-3.0979114238972634
-2.357303321698781,-2.5999672562202645,-2.0950760527888623
-2.437225905442195,-2.1438448860492367,-2.52778529067043
-2.3347190572247314,-2.2692282986109533,-2.8920595548517785
-2.3232363850134905,-2.204394404525398,-3.0906233762903352
-2.311810120524881,-2.543896001256569,-2.4801777697596497
-2.5062267607838944,-2.3694049398522457,-1.6626600510142158
-2.7851623632003077,-1.9808471769221632,-0.7661619623759033
-2.6058176840198666,-2.1917080311553168,-1.4205083289922402
-2.3550304827265225,-2.4576797587079944,-2.393288081646951
-2.476949374904236,-2.1057926924784147,-2.3655488610398305
-2.655249787799679,-2.178183833308483,-1.1509641020070356
-2.518491359453061,-2.362884422411789,-1.602113493880133
-2.4624916361974045,-2.1860515157310108,-2.291777646775626
-2.439348783097892,-2.592311199282318,-1.618115398270087
-2.644321758964356,-2.141473848902834,-1.2899522438302706
-2.307346213332294,-2.486553022577846,-2.6216471702726207
-2.0423224655935153,-2.6159525048750396,-3.952990692110904
-1.9025223059196128,-3.015282107761944,-3.99313244438051
-2.0087933185041464,-2.633093522688503,-4.119883539020191
-1.9868040371945184,-2.5719288933591677,-4.37414848553663
-1.9634605802985976,-2.7452588582191586,-4.167549297192173
-1.8071509345725074,-3.017090477988125,-4.5617439320107795
-1.8591868078963556,-3.0532075224783304,-4.17729460308728
-1.5575068942165728,-3.363164002025898,-5.367461126070842
-1.5487691729514241,-3.3700279175781724,-5.406159622557184
-1.1965546097807707,-3.6833591463998623,-6.892784543937725
-0.938865653616598,-3.7166866354830463,-8.372263302756393
-0.8969506382827467,-4.165089129071479,-7.726948407582637
-1.2443273406058533,-3.543788887156387,-6.885288677474181
-1.4763549356799952,-3.1275374032575463,-6.325626074827011
-1.4011332952570235,-3.6439433247946025,-5.7441440742907295
-1.145373512017592,-3.3736098846616827,-7.819369653993157
-1.3168462718114409,-3.2951310892397476,-6.947490686073934
-1.1591112121442424,-3.4796588729147806,-7.52484547672706
-1.3019449944471284,-3.6212421328909867,-6.384676262957331
-1.5498361005645929,-3.5103912115961875,-5.11903146884214
-1.7658558376840758,-2.81337235900379,-5.216950751310041
-1.623308161887013,-2.991406026958557,-5.716169470182881
-1.5792403547252027,-3.297452148297954,-5.368484070474949
-1.6997810940767577,-2.8311354684102903,-5.57787299414095
-1.4864733035240842,-3.068110118228874,-6.383770437819821
-1.324403511198598,-3.7346597521553493,-6.0230899239197875
-1.5513372078090184,-3.2997140496929416,-5.53137914918208
-1.3920954873317175,-3.656659579678342,-5.772938412075084
-1.3705625176052518,-3.209502376323756,-6.796450637143054
-1.169954958613199,-3.55200553553335,-7.315089672676182
-1.164535183172778,-3.6747976390595327,-7.102024118266341
-1.2652015807571289,-3.3425918115311846,-7.162437387816931
-1.1129966518563266,-3.931102931884695,-6.898644720514727
-1.032432096490376,-3.7827382898529702,-7.678761336773878
-1.0706734569091818,-3.913086221200893,-7.188617311565198
-1.0308286914446103,-3.6778289822755723,-7.89820038220327
-1.1805771357576438,-3.595144094957156,-7.165079490961902
-0.9095798058390675,-3.7992754501660153,-8.38280076005564
-0.7749241807796338,-3.843763881868516,-9.10175764700724
-0.7076432628212344,-4.069461439532186,-9.054048039430297
-0.8649219622317995,-4.11040946341825,-8.028479795194777
-1.0760882932753861,-3.6196199709065886,-7.743060793956581
-1.0607508975291986,-3.660858401755138,-7.752608306736607
-1.0293208836352914,-3.7465592819853875,-7.769786629639553
-1.243129588271396,-3.4304221904813423,-7.119208584831014
-1.443366909110817,-3.634041188669553,-5.510546663418067
-1.1951831412655642,-3.8877203816480472,-6.492290884532596
-1.4816982203789428,-3.2026949968902008,-6.143251179368015
-1.4932875846679656,-3.2004929970905707,-6.078118993233141
-1.3252855130643157,-3.4865100157102886,-6.514097385615604
-1.3567002721306691,-3.5950961932999297,-6.108436476038201
-1.0515645285027169,-3.7188561120850827,-7.691731100235606
-1.2806281343035362,-3.5290302391873505,-6.697001211226158
-1.228083124343941,-3.8103384224971157,-6.449654904364198
-0.9255276352432982,-4.007394552057676,-7.870875579846934
-1.1259819742267108,-3.3849729767758703,-7.912992696510071
-0.9203301825217988,-3.8712807535434304,-8.17428789320442
-1.069740521008704,-3.8496509493788724,-7.321085470612103
-1.4110868869902018,-3.54520725010503,-5.881894673270803
-1.5975432484982892,-2.9598371868561557,-5.933896630720029
-1.4859830909482106,-3.585642261426579,-5.351647426879653
-1.3221814022554303,-3.351753455123561,-6.80223517164237
-1.4827967901165824,-3.4960113530342243,-5.550027048654133
-1.3573499586640083,-3.3037770606625565,-6.687176622112911
-1.6418200336898194,-3.2694933226121945,-5.04892364805877
-1.6410659465301203,-3.4170505961308364,-4.758333623979681
-1.653509078430159,-3.3504281148070865,-4.816919795226947
-1.4406362757817395,-3.1801962539390183,-6.434620332853602
-1.7277266053874407,-3.0867257746155876,-4.899019313866255
-1.6463707940866323,-3.382849531584408,-4.794906667733466
-1.7582392393206963,-2.9303456374682035,-5.02870378456149
-1.7766507582833762,-2.8778540702456046,-5.023217805230608
-2.0428754812280996,-2.626620216063254,-3.9283371759269716
-2.2379229473140247,-2.2953160091566516,-3.4206607932246254
-2.2973878381832624,-2.700111450420558,-2.2542805654813853
-2.6359504851171467,-2.2142654387656004,-1.194596707187994
-2.5624120616341046,-2.396210799137029,-1.2719365273433905
-2.2784689136557077,-2.616641770040721,-2.5347334734063867
-2.0862047299211555,-2.4303358203261647,-4.060930475242813
-2.1682476576493257,-2.719210547428384,-2.9909234546693533
-1.9511409663366168,-2.7684651708069117,-4.195054355788551
-1.9250810532367784,-3.1496039847334383,-3.589136206534528
-2.0608803542687673,-3.026210556454131,-3.02112725690121
-1.7282116149380993,-3.0453268823816475,-4.978907041030182
-1.7479435287750873,-3.0560166745106407,-4.8391359737502695
-1.4043932605465843,-3.109447217613387,-6.7935764969157955
-1.6951720469211344,-2.998260550119714,-5.271277113655839
-1.7858170156364581,-2.9427249892509817,-4.838478423101363
-1.7910284492752713,-2.76323258023447,-5.166194639301506
-1.9834147562460358,-2.8520911430323683,-3.8341596718811233
-1.6962198748857333,-2.8818785567410177,-5.497754132625639
-1.8937750163403508,-2.973109457109679,-4.129961483160612
-1.9653057862047785,-2.863103943876881,-3.920787890439642
-2.0072342029390287,-2.644719253192097,-4.105986771403709
-2.2957104275895284,-2.495062564760183,-2.6744428003645404
-2.3674379455014787,-2.583471599855047,-2.0672596227031077
-2.6030489181100016,-2.0804586442927695,-1.6596196981765254
-2.9214328240001297,-1.61537035310673,-0.6794928452078367
-2.878532691799399,-1.6565027024688799,-0.8546289396879204
-2.645061004724637,-2.0084509998367746,-1.5515624674007031
-2.4479501037407,-2.4606713549477295,-1.8297871630824145
-2.529384422466982,-2.223033728551223,-1.816456503517737
-2.5225237550363677,-2.334644904943816,-1.6343981553162379
-2.5185733872473963,-2.0614795851104812,-2.204431001716736
-2.6728245534151696,-2.2843650622835106,-0.8331530503640366
-2.3523975266853325,-2.1760104806171565,-2.972424374075767
-2.637945232211827,-2.113521094330258,-1.3841169134905995
-2.3533666885267492,-2.626526889746167,-2.0655765847692464
-2.198020585400229,-2.453265239223045,-3.344176504574612
-2.4100107407928117,-2.129123621293281,-2.720518808078642
-2.634426038840402,-2.0547739445795528,-1.5227263732205587
-2.4935886311785005,-2.508595963957514,-1.4601067804360448
-2.7852860372493087,-2.0132382030200775,-0.700637865886069
-2.5161961324806112,-2.362976377923922,-1.6157009446905635
-2.1847744848712876,-2.6974350346513933,-2.9353135168915636
-2.4043712194952516,-2.1697312183693933,-2.673140741711779
-2.7458281789937082,-2.080578397454922,-0.8027046265499815
-2.8189239952606933,-1.9886254878304233,-0.548035548197068
-2.5357412770319283,-2.313094295784082,-1.5981942416623405
-2.6545199298216087,-2.126717389789357,-1.258276136913709
-2.702826251530589,-1.9484222459881977,-1.3250284942621433
-2.440820587262226,-2.090111494199745,-2.6136839834492283
-2.3159417890079994,-2.6100337661176884,-2.323112229138703
-1.9766062228852128,-2.6870419882800056,-4.205109181550787
-2.089227046959916,-2.7165115886771476,-3.470445036308281
-2.311389721092698,-2.31253562303847,-2.945420922788946
-2.646248694884796,-2.0498603584135475,-1.4616176092862043
-2.7693719005710755,-1.951637680000209,-0.9193237319952038
-2.46369207165304,-2.2827792550297326,-2.0911195554443682
-2.578125858703075,-2.221423953781358,-1.5272274356409088
-2.505515518214679,-2.503994031921491,-1.3977493222910193
-2.252128208095107,-2.3304973270333456,-3.2650665927847413
-2.360312241873144,-2.4356283851982354,-2.4057002737867386
-2.2879811178377802,-2.4680797152777565,-2.7747843578398808
-2.100333098012205,-2.4485078701762113,-3.9398161669964207
-2.0366766060745065,-2.8314234479764377,-3.5559239630221624
-2.1825033681467096,-2.4319098959639684,-3.4799904946138818
-2.0527860926216652,-2.963320788263823,-3.1954723631644355
-2.066344936882393,-2.770627667619921,-3.4995055388878744
-2.0672656319992395,-2.9167956577455425,-3.2016453879355544
-2.032527573160958,-2.8516568867100744,-3.540351283036179
-2.1991098895210963,-2.3260049937426137,-3.5921611708102676
-2.292929829072904,-2.323095910659906,-3.0350596996648393
-2.5545208309974465,-2.171897924399441,-1.7679096606385152
-2.3174929939295206,-2.276188662468279,-2.9814952069083933
-2.2286707138458337,-2.5020819660595004,-3.0626422802280713
-2.503908826589976,-2.2080805102758494,-1.9992165153305201
-2.697274461883241,-2.102776083411903,-1.0496315572988228
-2.6125541003095436,-1.9957743030670483,-1.7719572874307181
-2.703105411541718,-2.1542326823446025,-0.9117326614825645
-2.474897172430892,-2.3933407165738596,-1.802766027689002
-2.4761989839740575,-2.4595540148924537,-1.6625285617928218
-2.1701721756092724,-2.9035227810648196,-2.610751879636801
-2.3012594423002306,-2.6287332110404114,-2.3738074195398684
-2.237846885945964,-2.6124416325099196,-2.786865914726451
-2.123828460250802,-2.421930047773278,-3.851999638370707
-1.8249974038083818,-3.205093079570961,-4.07865991342986
-2.059257989883288,-2.7937554992139253,-3.495771557694497
-2.389725903019519,-2.627750427338182,-1.8449742226285966
-2.0482630243455984,-2.929606810201863,-3.290038728944759
-1.7102099657652832,-2.92040536571844,-5.336759969393496
-1.7490548938907575,-3.291529172293941,-4.361442787489648
-1.404310194441506,-3.2884378889038683,-6.436093550965302
-1.721773480484636,-2.865058583902036,-5.3780724447101855
-1.5455999333086705,-3.2051079977072057,-5.755014900155639
-1.7348256562865179,-3.1369371674035,-4.756002222895968
-1.8672938452271846,-3.084661248978982,-4.0657449261010035
-2.0883208515325236,-2.9540768046779475,-3.000751776871038
-2.3202795922481942,-2.205616683019053,-3.105919575894803
-1.9707859676913562,-3.0361647767991973,-3.541785135675543
-1.7919063186724702,-2.8869837231753066,-4.91342513703664
-1.6053879597314356,-3.317330230115415,-5.171842276802631
-1.7776198789569262,-3.1165754160742427,-4.539960389532031
-1.423194718017616,-3.1316951382019313,-6.636271910912515
-1.6112575697057188,-3.404169806821488,-4.962945463544786
-1.309864469230197,-3.4898585612131585,-6.599926557614575
-1.6237948877384256,-3.354625952135711,-4.986809264720099
-1.4118469798275688,-3.5550802845038834,-5.857588047448894
-1.3873758096306743,-3.5696765841664444,-5.975222469305139
-1.5157876072246224,-3.3029506205683683,-5.738203610937602
-1.3089118732466274,-3.233026186787443,-7.119306882367423
-1.1944070802042908,-3.6647160111709485,-6.942955991854433
-1.4169926516075277,-3.4580912583807186,-6.02069206901547
-1.6654965470969862,-3.370917427609899,-4.704016357620358
-1.855113496412322,-2.891795402109734,-4.524558712728675
-1.6665347087620654,-3.0579829371832643,-5.323656368483155
-1.9674424142371936,-2.9167230149077636,-3.800729980183386
-2.1137323213360704,-2.8515362230136367,-3.053364121378381
-1.8209462218426027,-2.845098547583562,-4.822956069199335
-1.6617860774649098,-3.0599910359566835,-5.348131958719248
-1.783596087096334,-3.189389317245372,-4.358475338353326
-1.5936496793422845,-3.1951642362244583,-5.48660394691945
-1.721678633351906,-3.248413788210359,-4.611931118889921
-1.529187742423643,-3.015058288237457,-6.233587464405303
-1.6344421733073844,-3.368301708997719,-4.895574037582328
-1.3088012437272551,-3.205083358148258,-7.175856316762029
-1.1900607940507966,-3.4254062598855417,-7.447653211346211
-1.0559686785306401,-3.962567573306792,-7.177883277624649
-1.2055683953751994,-3.5456427665679153,-7.114134590035049
-1.1284384366190894,-3.9593619775754316,-6.749475920556676
-1.2860780207631157,-3.4194212000129203,-6.883519970817541
-1.10931127396561,-3.8320868918908633,-7.1187890678466905
-0.8053160385414692,-4.200716395786003,-8.205501472601254
-0.7699491147854725,-3.8311067806687746,-9.156922245371689
-1.1017138662878276,-3.9751810687283213,-6.878185160238466
-1.0591200523529498,-3.6712679192085744,-7.741574342887227
-0.824422773537059,-3.8200580600029177,-8.852177734193884
-0.7594351951494785,-4.105343437969401,-8.671532448586401
-0.958564387717185,-3.723438966200069,-8.240566236718825
-1.3051550037413095,-3.237501062173627,-7.132898348626964
-1.5173304872544433,-3.3658760263535483,-5.603095519188317
-1.176848171756258,-3.7580620364522703,-6.861617391979988
-1.22728163907437,-3.7760834081111754,-6.522973844753503
-1.4313793123132377,-3.6076761154977284,-5.635202390547194
-1.130856644824107,-3.8627222401849144,-6.928246146107604
-1.4773492908284653,-3.2049756057109446,-6.1647835390293935
-1.2675103368913403,-3.66294514748062,-6.507878179112792
-1.193641764784316,-3.443302047570144,-7.390375811575891
-0.918284537179856,-4.086269517993765,-7.756584236355408
-0.7919791956121011,-3.900548790724563,-8.885857740300342
-0.7894132294968992,-4.045518367248134,-8.611314383944412
-1.0703182537562983,-3.7608619645390178,-7.495197043806249
-0.9898070798377355,-3.923540149378441,-7.65290771763878
-1.2335537290483594,-3.426134719052443,-7.185238683027032
-1.341540751690741,-3.648766699496095,-6.092052586285439
-1.063740627337742,-3.5027464984697185,-8.050893734456183
-1.2952973193025734,-3.3127304850572994,-7.041585609492034
-1.3058773371407577,-3.7205745150817746,-6.162417442413979
-1.095876011888262,-3.8787697088084485,-7.106035006475605
-1.1575847172045437,-3.5886974533086957,-7.315927285577421
-1.1456579926900732,-3.7540678920061747,-7.0567467552692875
-1.3424305420100042,-3.4341242028944903,-6.5159988375730675
-1.5548057257542707,-3.056336124730116,-5.997323891436219
-1.8521814059625386,-2.8353123925879067,-4.6551172744710305
-1.525369889756695,-3.255068797511758,-5.776473561858388
-1.6525580483248847,-3.162425538209393,-5.198631129053981
-1.709424335710684,-2.993244928462198,-5.1957946242335735
-1.8658419305152212,-2.8392828712886864,-4.565213169753375
-1.7867043093286967,-3.1548259701496377,-4.408952699150619
-2.1255781064393147,-2.9539559366379184,-2.7774499835103503
-2.1174291128031926,-2.7916254406336005,-3.1510049373357174
-2.1256075090909694,-2.676255508603053,-3.332674423670153
-1.867189175619689,-2.6931641826453347,-4.849367076413272
-1.7586875611652955,-3.0529452680246045,-4.780814592381091
-1.7213965059698488,-3.0819715301184294,-4.946508399366123
-1.5172894588378338,-3.289554404041373,-5.755984934312325
-1.8323173919742155,-2.7286452144033344,-4.987635714770113
-2.0571352609719527,-2.848245897325497,-3.3995271349393654
-2.4071156588923595,-2.122104420821963,-2.751927700423993
-2.5367681862002742,-2.3350550527707736,-1.5481112726788826
-2.241908218041414,-2.6890450400115657,-2.6092911071504603
-1.9966370879759696,-2.9782625031540633,-3.5024829612581296
-2.1724729162864187,-2.6859308044105994,-3.0321313888823633
-2.283834477127895,-2.3741768248374977,-2.9874699829797082
-2.4443444788596715,-2.159884624125252,-2.4529943740135414
-2.748655125282295,-2.1581140175755733,-0.630671708577159
-2.697666245063683,-2.0974055499450217,-1.0580219251499337
-2.372597724930884,-2.3812435297114902,-2.440757086413791
-2.4881533433060414,-2.1857524286025822,-2.138405578380662
-2.7790898838609515,-2.070550378639478,-0.6231904349774121
-2.89900672314319,-1.8382772558960943,-0.36823564477074583
-2.6561561240211327,-2.0706347171988724,-1.360624316897534
-2.558531110245359,-2.3348495146364705,-1.4179448046769818
-2.748264658644933,-2.0716263309862644,-0.8059898815799473
-2.5271177150026958,-2.3737110535577073,-1.5287020982904855
-2.5206775700761708,-2.352522791544375,-1.6097194918762996
-2.239774217970125,-2.806803885866374,-2.3865774158685746
-2.104854175232232,-2.4244587162787927,-3.9607880114710983
-1.965778662639111,-3.0405293074691753,-3.563099904649058
-2.2580517721911644,-2.621381615903414,-2.647756630468259
-1.9884912813010518,-2.967787167144355,-3.572308473327052
-1.8660001075054022,-3.1358190291474317,-3.9711917920947974
-2.0142691986024324,-2.6149670313743343,-4.123281241058814
-2.238442664416549,-2.3791957504042003,-3.2497830081143815
-2.3216396805735564,-2.3307171625640946,-2.8475580868525463
-2.4954036667859136,-2.5839740423430877,-1.298460410020417
-2.4130981078592555,-2.6070674796762234,-1.7461068889140956
-2.704943747725875,-2.2300846203027644,-0.7489987684612952
-2.350284063289164,-2.5072785941702445,-2.3225689273466026
-2.5309007151642353,-2.0008261587733362,-2.2517738868899912
-2.3945223885953912,-2.647096009472772,-1.7775041449041842
-2.256529976011023,-2.594692583839447,-2.710265471677041
-2.245425815483331,-2.6552344891232367,-2.6558066242756158
-2.339551447430952,-2.635505532111131,-2.1305107466141022
-2.2277215124759,-2.8260650802863063,-2.4203712599940634
-2.259864699541416,-2.7633380302071795,-2.352966237759218
-2.4958136484209317,-2.1914244212564706,-2.0810997623835426
-2.394319059965716,-2.600114351550388,-1.8726874325270022
-2.2059435535624847,-2.8622767654260324,-2.478615643195102
-2.1353424718859224,-2.65452668479129,-3.317722294523962
-2.169983004788759,-2.4151225456720895,-3.5886873753453425
-2.4641471513676554,-2.249879075615396,-2.1541894359853515
-2.1976888532913477,-2.6289087020366293,-2.9948799716007315
-1.9516485573111688,-2.80044980827595,-4.128039535003163
-2.093810080290984,-2.8180444860665976,-3.239881041542976
-2.348571413778184,-2.3480298803167186,-2.6513422521195342
-2.6529118648007293,-1.8699085058622134,-1.7815422948932722
-2.5826156912676166,-2.3380110690697924,-1.267114209676789
-2.899855020841559,-1.8534839286939664,-0.33273251298478823
-2.821319745320827,-1.7584386247520651,-0.9940347739929811
-2.6878168870870094,-1.8540261070432755,-1.6038769588134698
-2.5975989337150915,-2.315180315119201,-1.2228762628931231
-2.4997790966229703,-2.533207149566002,-1.3737416165522485
-2.173125205920677,-2.708960199298179,-2.982158861301655
-2.417645154046303,-2.2253247034077477,-2.482310164328761
-2.5809861924852378,-2.1898831134139343,-1.5731471136827788
-2.678431923103159,-2.300128751095002,-0.7679814546131183
-2.544483397589935,-2.4498579374826255,-1.2722142349172165
-2.8856165042678446,-1.8390675606972329,-0.4469963484205433
-2.6417553386805106,-2.283735075856397,-1.0208283116262185
-2.6658259158581448,-2.226666624861836,-0.990541750549535
-2.6283467249183072,-1.956174089956903,-1.7564019659984262
-2.509267203097932,-2.457524042265853,-1.468179192302775
-2.718665341834809,-2.0687370314480114,-0.9893643815171973
-2.7788391150452134,-1.806849350975131,-1.1520971032005316
-2.6682034582461926,-2.1590575388808646,-1.1114946681831905
-2.3707084364767503,-2.210291371535923,-2.7939971334897256
-2.723300905560487,-2.190618758350536,-0.7177875453580801
-2.5014628538686297,-2.1227784672298675,-2.1844964377505605
-2.260431925976787,-2.3375917176999095,-3.2010555041615345
-2.1235324982530086,-2.964000693537858,-2.7696341188283067
-2.0665325432856028,-2.4516660133289783,-4.136303209050503
-2.1737022926171434,-2.37635047678174,-3.643915786155733
-2.3570462661145304,-2.7297611016815204,-1.8370306953718518
-2.319457944561806,-2.732641659795754,-2.0567995084597315
-2.5082272044146134,-2.2260757523164716,-1.9373157643014498
-2.298045876163608,-2.3543641715445407,-2.9418268953513445
-2.4260486075024468,-2.3179583457988002,-2.246622158809795
-2.3637896114508083,-2.2972664027731047,-2.6615600211710153
-2.010739176651535,-2.869025672788684,-3.6363440899354997
-2.3132018793948275,-2.6534746262990736,-2.2526699664549636
-2.4846748225369435,-2.2428100372020383,-2.0451614857963367
-2.5173434048541887,-2.535257997215317,-1.26425407186631
-2.4988704225906404,-2.3461360816265486,-1.753335796625133
-2.6639262283270697,-1.956936198972638,-1.5414007275143815
-2.3587658656823005,-2.520315201578068,-2.245604898172135
-2.181821219186692,-2.5617666313474574,-3.224369917607007
-2.1714708110197245,-2.647958500065551,-3.114088629172625
-2.450228066778959,-2.354865833117736,-2.02773042851285
-2.645129485247197,-2.296477523785985,-0.9750985363669225
-2.9491098427592393,-1.7509891511730105,-0.24219313652061986
-3.0251468673924164,-1.536736768791807,-0.21447575348396156
-2.799931882074686,-1.8500850379586278,-0.9390691270567018
-2.4774810911795955,-2.126572839653382,-2.320798269037738
-2.1718444033521656,-2.469846712323761,-3.468070650661559
-2.2978221523879663,-2.630938079785637,-2.390021421523003
-1.9411455893364793,-2.9126568856108257,-3.9666431881815494
-1.851666362860456,-3.0129896910971734,-4.302852936064992
-1.7451562687873037,-3.275095666954586,-4.41770154878908
-1.8314549051955649,-2.8167473292648033,-4.816606405719079
-1.8057648890908118,-2.887245059821602,-4.829751041233998
-1.4715473809898691,-3.477982656768988,-5.6535808959448834
-1.471913597480415,-3.2241598552492,-6.159029200041184
-1.180168443222762,-3.5240498447751887,-7.309720146535124
-1.1846100207456658,-3.3914693771863758,-7.548231616575329
-1.1543143042198925,-3.5475624723561068,-7.4178197253905065
-1.1545196882542264,-3.8303368217645133,-6.85103872236769
-1.106005347517128,-3.5507825466623935,-7.70123331699452
-0.7665595966832746,-4.045359938390477,-8.748753038541473
-0.744275546513942,-3.9540208904082337,-9.065135435521954
-0.7247447861071381,-4.290243806567142,-8.50987416564496
-1.0661454351227508,-3.6464549762973952,-7.749047932090779
-1.046895817894368,-3.77288411162555,-7.611687364804766
-1.0338941883872355,-3.882668901417352,-7.470127562263958
-0.9331537802266575,-3.7946223106822843,-8.25066319269756
-1.2522713998038888,-3.2599246734208993,-7.4053527497569425
-1.2077298653612496,-3.623178293347143,-6.946094716560293
-1.3087364315261893,-3.6322086467603065,-6.321994612744326
-0.9567280090572514,-3.7347087207175083,-8.22904499964355
-1.2852733373065766,-3.4437940767069612,-6.839602318168693
-0.9447308641627559,-3.756626903401195,-8.257191503643151
-0.7060963513636958,-3.9822923445661815,-9.237667698107538
-0.37656315875991947,-4.658107432554615,-9.86323667775333
-0.24110000545267607,-4.470383460418201,-11.051463541869616
-0.3710847110199046,-4.303674731118809,-10.604972767065028
-0.6416322104539437,-4.354456848056955,-8.8801235365845
-0.7412203125379168,-4.0455825193926,-8.900343581409373
-0.946289543343843,-4.0079173975148485,-7.745258440329321
-0.9104023786121787,-3.696161894419109,-8.584092434910783
-0.6435809908878763,-4.077219504346388,-9.42290554140204
-0.5239059249251186,-4.026571099981222,-10.24225274590892
-0.8346909059760005,-4.244906397335403,-7.940872264895266
-0.571499409215981,-4.481071004977381,-9.047692030171426
-0.8818042268998841,-4.017675442227237,-8.112654249568298
-0.7720842849567408,-4.1870352072566455,-8.432254371168339
-0.9652440678983568,-3.836502389512821,-7.974361309006292
-0.9626066525857961,-3.57850461137285,-8.506181357161598
-0.8259309038469808,-4.2546816055149215,-7.973881861310347
-0.573548312322447,-3.9704258280277647,-10.056688965431864
-0.7693064038629565,-3.9030389392179097,-9.016914193808518
-0.553510694883159,-4.113241961949145,-9.891282402224833
-0.4261655591518943,-4.148303253496246,-10.585230633518218
-0.6277590871192963,-4.331266488760922,-9.009742995184453
-0.860295158005422,-3.734610009007159,-8.807839529375224
-0.7907505380020463,-4.143525188662275,-8.40727689008525
-0.9083031702712342,-3.956276973851829,-8.076457526091012
-1.233267389185117,-3.7416147216323683,-6.555996717046638
-0.9783738574261753,-3.8318752698851375,-7.904836811094748
-0.6889979366991978,-3.8262693494774136,-9.652304176272061
-0.7222557675003297,-4.127713585030958,-8.849868720358181
-0.47434159198271153,-4.370564983551732,-9.851650976422341
-0.13577806768092238,-4.496009112431541,-11.632143864473457
-0.22471650079018127,-4.337413664655149,-11.415704161370689
-0.04060951720269941,-4.864788826128491,-11.465595739948895
-0.2670813822431694,-4.649203757543341,-10.537934686876376
-0.10241049097867282,-4.902734230058658,-11.018899089432722
-0.2939113418307191,-4.598883121109233,-10.477596202219296
-0.07805071646805199,-4.970985353125445,-11.028555490362873
-0.20886741433103598,-4.524509672083584,-11.13660666526869
-0.5554147726447252,-4.421957658208716,-9.262426543136291
-0.44221043895993245,-4.105716302466182,-10.574135256730116
-0.45342111866573676,-4.60299499230645,-9.512313798814754
-0.7594103341072244,-4.092572249238392,-8.697223992301945
-0.6457651426180813,-3.930657901998559,-9.702923835716469
-0.7107356869621727,-4.330489099507358,-8.513438174634322
-1.022806902700521,-3.745881660294982,-7.810225758628984
-1.0471284410474877,-3.5035370207778924,-8.148985807581363
-1.0805028263719247,-3.818265170715243,-7.319283195760039
-0.744190776077748,-4.219495279859599,-8.534695279236388
-0.6521804977612624,-4.087691269125205,-9.35036497060409
-0.9039640105188659,-3.90519274291857,-8.204660946471739
-1.214777770580216,-3.3332597466272267,-7.483644378686323
-1.5372713443316017,-3.050358733021828,-6.114484963388808
-1.6827471591572376,-3.3687671676096316,-4.604813205259385
-1.880184556086038,-3.1491762325947734,-3.859370693716301
-1.6544176502015338,-3.17694218307118,-5.158440228070513
-1.3980318376249483,-3.2406997575945544,-6.569239954483275
-1.266953639948753,-3.446745206406481,-6.9436182429165925
-1.061760483106405,-3.616790634512467,-7.83468632775871
-0.7867115353725465,-4.107569741617691,-8.503421799951415
-0.8088861288217736,-3.724819531614741,-9.13587465926195
-0.7990589245950781,-4.221886776638133,-8.200703394575338
-0.7748648518884501,-3.924685978431904,-8.940269427227564
-0.9818653485645977,-4.05952514877508,-7.428588106484327
-0.6504495252642671,-3.9798057723595868,-9.576521799117298
-0.5098950105490639,-4.4018501131640155,-9.57576020579966
-0.35630845589572,-4.23415479902994,-10.832670161987874
-0.6921780232822021,-4.0758537923750175,-9.134054770978826
-0.7900794272127277,-3.7780233447346907,-9.142307242676326
-0.9034616402270106,-3.7014445137393173,-8.615171626581377
-1.15034888685922,-3.8118939826983227,-6.91294920887011
-1.1339074934458988,-3.786394932115815,-7.062595670515051
-0.8284718296164422,-4.049490427074463,-8.369018663574494
-1.1734106326678346,-3.677192291830042,-7.043982115754985
-1.0137529471872462,-4.002906234160161,-7.350500343978276
-1.23159135752633,-3.6747664900058696,-6.6997493702523565
-1.196749217092647,-3.4882468260456645,-7.281841540774864
-1.083287926340371,-3.5780479054307475,-7.783007126518354
-1.0526172047229627,-3.6119913264014385,-7.899144614281419
-1.2407266836655981,-3.783169659370454,-6.4281310746875775
-1.2941582074143487,-3.647639724170365,-6.3786018025952504
-1.5526220259501347,-3.2180825499391306,-5.686933239843006
-1.3752692762901149,-3.712185831333644,-5.762843175014096
-1.6776201902750476,-3.1907728204273424,-4.991563712917103
-1.3408889379080298,-3.462874138952623,-6.467748590068649
-1.6081621714947438,-2.937217925216196,-5.91542161602122
-1.4356237700332373,-3.2215615971690856,-6.381964680884481
-1.4137503478803422,-3.392885776695918,-6.170556854748186
-1.2922835546543676,-3.784835734055955,-6.115457699383959
-1.2047629045263166,-3.5410898634581947,-7.128073341347784
-1.0368865786155703,-3.5302075947561535,-8.157095834216348
-1.3867019371327922,-3.2744859027546855,-6.56964706711595
-1.1097404311526575,-3.708498946584579,-7.363390015336971
-1.361710342311321,-3.5241107989676927,-6.220346843618763
-1.654994970040234,-3.4256537739551907,-4.657553127270289
-1.408314014885944,-3.4109421589127167,-6.167062088280977
-1.7235022880168882,-3.2444726148958565,-4.608871537529033
-1.7611364105209222,-2.8451188725653926,-5.181774287165755
-1.5186720830404228,-3.3208097867481055,-5.685178423683327
-1.751418000361218,-3.0694365606008507,-4.791449372053066
-1.6694164059689909,-3.244306373317955,-4.93371931297222
-1.7771257998063053,-3.161102561941146,-4.453870572701952
-1.531280222793184,-3.3267245263034924,-5.597700106055985
-1.5304435131404173,-3.3159180485470423,-5.624333319485487
-1.4770810805916756,-3.4679037446474497,-5.640536522577121
-1.8068880225164603,-2.8680201976758712,-4.861461964971572
-1.73689775381194,-3.216372691914359,-4.584698588721716
-1.4229778539633637,-3.1613336766220455,-6.578296018397802
-1.4612694410279456,-3.288298733895055,-6.094616381464291
-1.1042727886259496,-3.5304303128666517,-7.752333137933075
-0.9138627708335546,-3.997659246824692,-7.960335376771364
-0.7810488797265275,-3.926870936289789,-8.898795344483332
-0.92748374919455,-3.9365239854879763,-8.000880029278822
-0.5774432784622701,-4.353049970956919,-9.268070882734614
-0.6541775852674151,-4.024917760898926,-9.46392946201973
-0.4106508713620764,-4.408213040369918,-10.15849918650978
-0.22855587434221986,-4.6186669118596315,-10.830161425649491
-0.5098423518608095,-4.38973668487423,-9.600303014508757
-0.8660486229897644,-3.8745672607366632,-8.493404236010162
-1.1834529591558334,-3.7399737633130767,-6.858165213860921
-1.1743391728285666,-3.6975487889734353,-6.997697880503806
-1.1987986061876705,-3.426542059584917,-7.3929547391262185
-1.1768587485190638,-3.803209579028238,-6.771258846251215
-0.9344738594499749,-3.9847635602828086,-7.86246021815661
-0.9104846722272775,-3.859075325395155,-8.257771811268098
-0.5895419855097567,-4.280283562535724,-9.341011457292089
-0.4402442287847176,-4.151948933494806,-10.493467255724157
-0.2737035770742101,-4.305840191549387,-11.18492864987804
-0.23174577050943643,-4.517211553746232,-11.013932764872992
-0.3157082816059846,-4.4599535716932115,-10.624673662399744
-0.0004580439200991559,-4.905705248106984,-11.62467173568751
-0.19569128787308127,-4.397879262821718,-11.468924242540151
-0.4857204061651469,-4.15818184007554,-10.208144378280114
-0.2331284462723888,-4.550171109248349,-10.939717599291043
-0.5314464158416826,-4.0442860568763175,-10.161579886619343
-0.2092312174209812,-4.769866696470165,-10.643709797955859
-0.0670541948981835,-4.790428654183737,-11.4556480176655
-0.0788351414784391,-4.684128101100826,-11.597563444349786
-0.2332266141921386,-4.634792583865403,-10.769885642538437
-0.5062296418732128,-4.377103390896748,-9.647245862389301
-0.18942632727474698,-4.592414466687591,-11.117443598398413
-0.31906817883146726,-4.239721517815606,-11.04497838680206
-0.5666306184020751,-4.285588958251129,-9.467868868507367
-0.914196562935996,-3.8462158778458018,-8.261219362114494
-0.5985596456596294,-4.077184989274144,-9.69310264291601
-0.24181739229131236,-4.824323531314902,-10.339279079044397
-0.47661778691212975,-4.399102216716958,-9.78091934051538
-0.2422083923411555,-4.526051872067903,-10.933476397239334
-0.46674830707478593,-4.1396514075916135,-10.359037837790131
-0.5663350113525301,-4.121798093265517,-9.79722424077586
-0.2707329979890136,-4.765551248903275,-10.283330009681443
-0.21962866778987586,-4.644701893988456,-10.831654700705906
-0.3711300138789245,-4.507074416958826,-10.197901578230876
-0.2654032853738322,-4.732365832665449,-10.381679117848183
-0.09332383445252157,-4.662593062174616,-11.553701364357714
-0.3932543913370366,-4.625098794517225,-9.829106558365405
-0.14992888805091828,-4.81638449999831,-10.906488167119948
-0.03472877738442517,-4.703572652446088,-11.823312526223347
-0.08938954612823613,-4.724025154934206,-11.454442908784245
-0.2587452984952222,-4.624800681990219,-10.636757340470302
-0.4047511235748946,-4.107759198904863,-10.794805356162982
-0.5203326483720873,-4.010630097461559,-10.295574410266433
-0.8708126923868095,-4.193518571085278,-7.826917198930661
-0.8606962402844456,-3.9435651676197785,-8.387522718475845
-0.8266218835658349,-4.046713289349015,-8.385672615329035
-0.9571439593260839,-3.6823360852947316,-8.331294568876109
-1.2288334720192757,-3.532539192016075,-7.00075127927427
-1.0102428636887928,-3.818136955506834,-7.74109940227565
-0.7424679886128304,-3.860599096792243,-9.262824370160606
-1.0885575329325807,-3.866432114744038,-7.174621068338515
-1.2216969770750628,-3.5903911475445036,-6.927866337882691
-1.5603496415764884,-3.418551437126703,-5.239629771709738
-1.6652386034334175,-2.953301240866161,-5.5407963930892485
-1.6393482072633327,-3.357040478292408,-4.888660295257262
-1.480670388585102,-3.5303598618646275,-5.494088440182206
-1.2887012009641527,-3.6715776475940864,-6.363467994448986
-1.2556820629038425,-3.717816584187357,-6.469104949624307
-1.2689810253591916,-3.2419529857002387,-7.341038371866447
-1.5352519108726543,-3.0674896381876455,-6.0923397538108555
-1.2410177356932177,-3.5696761487448008,-6.8533717837731665
-1.52747088414825,-3.3523734451783955,-5.569258300175785
-1.6601704635092132,-3.4077174258955614,-4.662372862575673
-1.9176566216186122,-3.011869019072089,-3.9091527275662243
-2.237457147702298,-2.7877454052898667,-2.438596798628556
-2.304074589805168,-2.7455402358771397,-2.1233024848367865
-2.2221757230656727,-2.7128520247729746,-2.680072107482089
-2.1454652771492753,-2.4174416144766186,-3.731155603573183
-2.306469125876552,-2.556871495800571,-2.4862727485616207
-2.4623711415680702,-2.454461007161179,-1.7556816316912955
-2.2428981947754476,-2.54838885012631,-2.8846636265167707
-1.9016511066932948,-2.9431016404315575,-4.142720574399191
-1.8353940778863105,-3.027444825605604,-4.371576376893004
-2.0365087229335654,-2.5473646957224183,-4.125048766375846
-2.167829637846749,-2.664151103793959,-3.1035504607536635
-2.2460358614725986,-2.272213527272204,-3.418188272042074
-2.5444136560062134,-2.4279550342734226,-1.3164384908379505
-2.5783210316072718,-2.311981590810977,-1.3449411241564917
-2.4319912518405773,-2.097590315874168,-2.6517023526302745
-2.332523795339133,-2.3154820526959883,-2.812723617995299
-2.038538268040065,-2.672233772980962,-3.8631333412197595
-2.118692526233592,-2.9598155028910984,-2.8070443322383274
-2.2988615359256896,-2.6473651361067656,-2.350931007654407
-2.050058960329732,-2.7045268687907473,-3.7294229958621887
-2.0699003536458327,-2.941143110979885,-3.1371421515873092
-2.0587903153341363,-2.7102227621801136,-3.6656430790570305
-2.135703856525391,-2.4693503043603244,-3.6859067475490788
-2.308836156676708,-2.630614990859949,-2.324583573641931
-2.0295468152657397,-2.734235881835475,-3.7930778401566894
-1.9298577001664838,-2.622460039962223,-4.6147642144987255
-1.655876234647771,-3.0034645449594546,-5.496643997616541
-1.8087618754709986,-3.0311079429886347,-4.524043356618813
-1.8161776971751775,-2.828426839291045,-4.8849106337889205
-1.76273572544528,-3.1098973988595016,-4.642621345031392
-1.588328826055735,-3.1286619778678944,-5.651533583351877
-1.6488776975877062,-3.2655962791966204,-5.0143717515025985
-1.7317588185409594,-3.1992105999648546,-4.649856384246609
-1.3815259655383296,-3.463291914142178,-6.22309087390774
-1.2078116414529847,-3.365483422581563,-7.46099380154104
-1.338089616564778,-3.5079756701481495,-6.3943414557371065
-1.3297558551306743,-3.2439281595992804,-6.97243904543947
-1.2754316373209504,-3.8127481397287526,-6.1607443920388665
-1.2976133486681916,-3.235678616260563,-7.181793170891799
-1.4386405947724141,-3.5441673948520247,-5.718652137083541
-1.2655177596307603,-3.5637971158719473,-6.718129705893618
-1.0553752184643332,-3.952458538049515,-7.201662108537045
-0.7326809385575695,-3.799474590406659,-9.44379568326334
-0.4411944157114076,-4.39824485981772,-9.995174281518189
-0.25406668012613787,-4.724765641931343,-10.46489913080256
-0.3879139359949819,-4.312816478521518,-10.485713922409147
-0.11368511825572059,-4.779392824824945,-11.19793413623786
-0.4179850856565781,-4.423301157631951,-10.084317666218702
-0.39849158757808395,-4.267650554078445,-10.51257986179668
-0.337572187818966,-4.591473790298311,-10.230449787911656
-0.22121752593746863,-4.8294712661889605,-10.45258280741934
-0.32100989211343645,-4.207850202821221,-11.097070737099017
-0.2898343782334158,-4.254271757736569,-11.19128071054844
-0.10323159445513988,-4.816485400068506,-11.186470128554223
-0.07126236719881356,-4.59553573300994,-11.820184826209314
-0.10099159784143107,-4.42744840821931,-11.977984091934868
-0.18808844015020895,-4.8018868281882785,-10.706526198144262
-0.36997138908440613,-4.563438495931681,-10.092125169052276
-0.1296342031602996,-4.736283126089019,-11.188459024282242
-0.3792664194793517,-4.428927029750615,-10.305377919044734
-0.5645067326969658,-4.246420516539989,-9.5589490661603
-0.9011394889030558,-3.6697877353632884,-8.692418091277164
-1.097958589015636,-3.566294542999556,-7.718489875329148
-0.9563622018757861,-3.7680157734759687,-8.16462573721542
-1.1040065014288767,-3.589754957497211,-7.635281571854394
-0.838983134388681,-3.915643726206656,-8.573644236676676
-0.549635569435402,-4.145399656676723,-9.850217765456215
-0.49614298243862065,-4.124842909427982,-10.212286781934386
-0.7891703963201236,-3.840249145533512,-9.023309826434309
-1.1432640888922183,-3.493901660872964,-7.591442640322838
-0.9979120638039611,-3.9932576892158864,-7.464842734166535
-1.008376413817764,-3.7208815384337894,-7.946808935647912
-1.1173045004658788,-3.8092379837635004,-7.116527525099801
-0.9862395898936838,-3.734917919318756,-8.05155711742246
-1.0813888456654048,-3.4388591689547767,-8.072779083520093
-1.156140781750962,-3.5666574073674377,-7.3686709901814265
-1.490588384298961,-3.469873592363767,-5.555553004900776
-1.6034424855947564,-3.089180315391296,-5.639814951070942
-1.5333954871727873,-3.0643615286504478,-6.1097345150844555
-1.2711494368860234,-3.756874422007379,-6.298185030091177
-1.0080223267979092,-3.5834756731086412,-8.223745188417338
-0.8380815277883582,-4.184845392212102,-8.040650544267722
-0.9326496050863338,-3.6203915961141586,-8.602149672675754
-1.2895860473768637,-3.6700744725919114,-6.361165265977069
-1.2521655641064935,-3.570117874554173,-6.785601361674767
-1.1100340815330865,-3.776487314000876,-7.225651378221802
-1.0783965231993373,-3.5568685509255142,-7.854714254375022
-1.1901913677777134,-3.549012546253425,-7.199657196248945
-1.1782760391840095,-3.4623576310455975,-7.444458998226823
-1.447778900956044,-3.6062379548040053,-5.539681180077801
-1.2822410094922356,-3.539476007768155,-6.666432422932352
-1.0824949987298658,-3.5040607708921363,-7.9357389612586084
-1.3928640913752788,-3.494806883715685,-6.092032179739032
-1.2490089920947829,-3.6745830586827815,-6.5956104254878145
-0.9685499463661942,-4.116008703675501,-7.395513409873907
-0.6922551027141276,-3.852625066965455,-9.5800497452064
-0.6346377197330898,-4.012634513605354,-9.605735149812828
-0.4769184566608478,-4.2574328956231335,-10.06245396421072
-0.644667090987832,-3.9594054758768262,-9.652016997741429
-0.9017456188242071,-4.084709435296898,-7.858937911883035
-0.6912676876614122,-3.8684653718373316,-9.55429362577894
-0.5558624180231532,-4.0933770794860935,-9.91690182831097
-0.6110867788603457,-4.130387330576165,-9.511535161107668
-0.7806209630087273,-4.0213760679373705,-8.71235258149497
-0.525584238747617,-4.2732040748242826,-9.738916913287808
-0.44852209602171134,-4.426209443822171,-9.895279031647465
-0.1569351280699995,-4.429642087767387,-11.637935551467303
-0.4467855529255128,-4.126368443308851,-10.505380291251294
-0.6585103525557618,-4.196054858605248,-9.095658662877007
-0.9994625492268231,-3.58132824337017,-8.279398713320798
-1.2817713723457618,-3.492879770200361,-6.762442720946782
-1.5192247256410458,-3.126962831213881,-6.069556479148039
-1.4863137035461265,-3.207441502122346,-6.106065269900625
-1.191593002890337,-3.7963157278652067,-6.69664102234964
-1.1088100719468676,-3.7765382578828484,-7.232893547975171
-0.8138465791808339,-3.791346207365202,-8.973058605606665
-0.5010065945267815,-4.494700327292111,-9.443390273677164
-0.782727956908644,-4.1802196763049215,-8.382023401360367
-0.5802064398429521,-4.284959352470522,-9.38767315142332
-0.641638790145228,-4.183081359577781,-9.222835035395143
-0.6412269070849304,-4.244076186151109,-9.103316680610273
-0.6450322569550642,-4.048966782238352,-9.470703389214986
-0.4918547872025572,-4.382382238457839,-9.722937295291054
-0.24490884266822824,-4.595396010302152,-10.778585418808403
-0.47111163935761796,-4.2766845040665045,-10.058791651143357
-0.6821806354747934,-4.164368566232104,-9.017009550109107
-0.9402474103728223,-3.9940078910649035,-7.809330251055334
-0.5912691432110491,-4.200083446051618,-9.491048744052543
-0.31818996514618736,-4.358732433809353,-10.812225836926245
-0.27067432093728605,-4.525207391327527,-10.764369787143304
-0.1087594800215325,-4.637245372821767,-11.511782869649346
-0.30836472168007784,-4.760288169779757,-10.068065825782092
-0.4364173806304267,-4.566738251722333,-9.686849708194849
-0.423883062705963,-4.196833490234994,-10.50186513871631
-0.09105670416660192,-4.489282028727025,-11.913926212968413
-0.3183373588963977,-4.36899797563451,-10.790810390774668
-0.571788813860016,-4.2292102453529274,-9.549677121556122
-0.5754993716878241,-4.277768143129083,-9.430297979036963
-0.5930368269751792,-3.967878282879819,-9.944852967811363
-0.31002341231579433,-4.470713599801363,-10.637262821924582
-0.34912452695430535,-4.209052781010008,-10.925977771676228
-0.1835595827681923,-4.550741011889992,-11.235990975032935
-0.35549882901719543,-4.640416555858582,-10.025004409601738
-0.039790858482239316,-4.529600302607346,-12.140884739313947
-0.07689876506210643,-4.5867599423712875,-11.80391802030686
-0.359802358225478,-4.554687019052028,-10.17064230796515
-0.3329219483297094,-4.327568783479831,-10.786161238484159
-0.02061158487195926,-4.758573265988216,-11.79801445421389
-0.2025693372617323,-4.798261397992687,-10.626891675866307
-0.3521127838640581,-4.34224463418013,-10.641664523877466
-0.5339084533241822,-4.50789512794048,-9.21958951959602
-0.6547852125432743,-3.8823032641034514,-9.745512691955525
-0.5684769669498092,-4.004866896367233,-10.018234900988753
-0.5503047714520247,-4.0203800998188575,-10.096241667072212
-0.6661317949844057,-4.119936178808838,-9.202167367897966
-0.481825683308252,-4.498816987959536,-9.550242419653491
-0.26754620782435623,-4.58792871768795,-10.65769581310004
-0.258859141704069,-4.667704989956827,-10.550265665284003
-0.5510390469979565,-4.294504832209297,-9.54358654901574
-0.22907358694283017,-4.32344727399432,-11.417494425776454
-0.2019487843711337,-4.47140136503663,-11.284335059122013
-0.24173916332366113,-4.587100474804451,-10.814194565871206
-0.4323305326239792,-4.206086399375046,-10.432674500928107
-0.1544924249633127,-4.488218646110842,-11.535438653420513
-0.061507100549027416,-4.472630281525574,-12.124527329076761
-0.30763738763003456,-4.2935718200163935,-11.00586252960908
-0.08421450303059819,-4.754391915669559,-11.424759645899368
-0.3150142086048266,-4.667816155966221,-10.213112931860675
-0.519049161249984,-4.119363818151897,-10.085807891618376
-0.4735862575907204,-4.347382047006831,-9.90254885586409
-0.45887972979907754,-4.6068317737409235,-9.471888569145761
-0.4935436784026402,-4.170672742921494,-10.136222939163247
-0.5357918152447663,-4.4843016715542605,-9.255476260844954
-0.3372816044503079,-4.223293660930586,-10.968553546859054
-0.04200742421683833,-4.6460596685739155,-11.894666612973213
-0.15026477145087153,-4.678930130921208,-11.179381604874429
-0.2797434466787414,-4.5440059709466984,-10.67235787345623
-0.33616379367925425,-4.198147964779213,-11.025551803788124
-0.5655858656632248,-4.156217761861407,-9.732879777719912
-0.608878143269277,-4.398907899181711,-8.987745837442992
-0.3461115933391941,-4.61199005768092,-10.13818082002507
-0.19031279964055875,-4.8742410610896725,-10.548471575399375
-0.15846830944620546,-4.888526477702192,-10.710967683340458
-0.45640740439210753,-4.450929071674512,-9.798527925720405
-0.4594235957109969,-4.6050901361834295,-9.472108648789234
-0.26890920042285776,-4.723303469366232,-10.378768354152466
-0.36887028395644206,-4.5617479614131,-10.102112868857224
-0.2986721263299986,-4.276509994175584,-11.093777749090913
-0.06358688752178474,-4.5984861478160655,-11.860336874659232
-0.14035676523703636,-4.791999246181943,-11.01269141163597
-0.24725757961609085,-4.61078027542133,-10.733724466882867
-0.3095173155394922,-4.318478894251429,-10.944768813682263
-0.04543050557190016,-4.855542138109535,-11.455163185771603
-0.0028685895163063314,-5.050677319248862,-11.320264319826512
-0.11953234549718174,-4.540532197066982,-11.640572028305021
-0.2184011036732057,-4.592236683360103,-10.943950506662635
-0.5044187784444711,-4.250762699366197,-9.910792426022853
-0.3661819052435645,-4.437122823743361,-10.367493416473964
-0.7012997187900276,-4.009136420437976,-9.212759341805956
-0.8679927872405974,-3.9014435394838305,-8.42798669301083
-1.1726273531758,-3.5425963531694054,-7.3178736700284635
-1.1406314201940848,-3.517873087536268,-7.559295799185031
-0.8823065636219587,-3.8331013210467737,-8.478788471596776
-1.1885053492964186,-3.8251037881617203,-6.657590823320123
-1.334207074779982,-3.7401723860454807,-5.953243274651222
-1.0836458635286765,-3.5386906807892693,-7.859573952671477
-1.3120918724207467,-3.4716595118591713,-6.622960237179251
-1.077947148514078,-3.953297154466816,-7.064553295403977
-0.9191702291961246,-4.128989117910565,-7.665830884424197
-0.6631451868296879,-3.906168242194379,-9.647622890055189
-0.9238673732444089,-3.8559045967743453,-8.18381706240693
-1.1883085115595018,-3.726658680773319,-6.855662064518425
-1.3473593635233687,-3.4375739764599245,-6.479526361362013
-1.2586998055614027,-3.558727485261443,-6.769176691530773
-1.2372547414496085,-3.4051739035686075,-7.2049542395872095
-1.4182238388733674,-3.4153001296412366,-6.098887202899398
-1.6595332483677014,-3.046677080471425,-5.388276844273017
-1.328640143367633,-3.5609810584718162,-6.345027518272644
-0.9721697894308616,-3.6990870524678945,-8.207637653901116
-0.9902183690616198,-3.6408714597262737,-8.215777361599809
-1.249142197064646,-3.75316758272374,-6.437642147586719
-1.4798399822914976,-3.5755182059937183,-5.408754189685651
-1.5495110508820242,-3.4400402708715103,-5.261683648386908
-1.477299156705936,-3.151464321554772,-6.272106912076915
-1.1533382078602157,-3.8932929658233895,-6.732215316614002
-0.888922105173806,-3.6462798888086536,-8.81273808676193
-0.8951495526816524,-3.6936152024037114,-8.680702774524738
-0.62784566269829,-4.14663749230524,-9.378481534621853
-0.38937152900843147,-4.154792685925461,-10.793015949520562
-0.6205538236844451,-3.9369377480970495,-9.841632057121304
-0.7953116276604455,-3.764351109520216,-9.138258510418968
-0.9543332400828759,-3.7679792430213337,-8.176872568882152
-0.9486275418431341,-3.6553397060498045,-8.43638583226366
-0.6710793018956446,-4.348868935166459,-8.714616813715288
-0.7855463876787931,-3.7586049292863737,-9.208342310776569
-0.823166469242234,-4.131892245025889,-8.236047189916894
-0.6195210419055311,-3.900913191003986,-9.919877861980916
-0.5268160490240124,-4.55998603460849,-9.157962132061023
-0.8693804922378374,-3.7555890528444853,-8.71136943630608
-1.0862401384587261,-3.512980188140819,-7.895429288388081
-1.3010219299668084,-3.3212559720624664,-6.990186971496291
-1.38700110890884,-3.51231656528704,-6.092190711394954
-1.3065373162451765,-3.2115153632972735,-7.176575871356469
-1.211153187962238,-3.46896669485015,-7.2339779779483475
-1.513330214634475,-3.374707972429476,-5.609433262756271
-1.7131031389164486,-3.005144818834059,-5.1499220242552655
-1.5139257739432335,-3.009136613282229,-6.337002625198216
-1.7815096506690564,-2.742224925078205,-5.265322741251325
-1.5802430178179714,-3.1345386426815556,-5.688295103151136
-1.5992025141533504,-3.0136228035584613,-5.81636980338505
-1.52015780167592,-3.348472005475189,-5.620939674416174
-1.321023209045892,-3.337496712978033,-6.837697815190657
-1.3463500649517424,-3.3975205906562413,-6.5656889243991365
-1.2217564230153994,-3.2990771440676356,-7.510137669194406
-1.1872596464298155,-3.60005958827526,-7.11515344029266
