Bi,Cl,Cs
-20.150432723793102,-3.358405453965517,-6.716810907931034
0,1.0,1.0,-4.509900247931035,ClCs
1.0,0,3.0,-1.1350223137931028,BiCs3
2.0,0,3.0,-1.625870718793104,Bi2Cs3
2.0,0,1.0,-0.9238969729310362,Bi2Cs
1.0,0,1.0,-0.7268423416810341,BiCs
1.0,3.0,0,-5.567645215000001,BiCl3
6.0,7.0,0,-12.970060906250005,Bi6Cl7
1.0,6.0,3.0,-20.150432723793102,BiCl6Cs3
2.0,9.0,3.0,-26.257553433793106,Bi2Cl9Cs3
sample
-2.3386332752254217,-1.3648188163682324,-3.192737948802175
-1.9154777694296021,-1.4844267110105536,-3.10946489610006
-3.0400149914334453,-1.1715225087855814,-3.3604275598820568
-3.062965256962559,-1.0370153431673221,-3.621791802608871
-3.794656901344881,-0.8043180522325406,-3.8432891696843257
-4.149895108619562,-0.6643521921965474,-4.004808153998085
-4.71059325736569,-0.6300150935194112,-3.886582968436982
-4.269427439474307,-0.6608649863690071,-3.971938455368251
-4.895242978702733,-0.4043663818246903,-4.276330484714076
-5.7796565992696145,-0.19630711474521073,-4.397644478684074
-5.0827301573194195,-0.3940051340478941,-4.234557254062106
-6.318769965573168,-0.09404133285428425,-4.42247158703141
-5.183888895241181,-0.3407983265695126,-4.307251289711615
-5.041584375036637,-0.40128025929662514,-4.233722264325571
-5.9342093711675625,-0.18051232897466749,-4.377716459592512
-5.658061518720377,-0.20592475676287478,-4.418940888165158
-5.584181585163455,-0.34509138233626757,-4.165234281537347
-5.370534316084216,-0.2743751077976647,-4.3778825869743
-6.046119488275916,-0.12408876705652233,-4.453260211059351
-5.191255781432148,-0.4310772866710247,-4.124237740778269
-4.258746438338736,-0.6874466894886119,-3.922335382840898
-3.4495090442505063,-1.0061571284070518,-3.5546603030334283
-4.223914349061204,-0.7560960545536238,-3.7966473491367183
-4.042841882472947,-0.7038326786323222,-3.961531589842074
-3.6147861443342597,-0.8889610140690856,-3.7339601650147762
-4.585606564693411,-0.5953805671208227,-3.997514252124918
-5.258262062066639,-0.3567017400842245,-4.250653407073705
-5.714468454416953,-0.1359002011155484,-4.540187687560953
-6.205255683785732,-0.031027218654858087,-4.586337909359408
-6.005163567216948,-0.1658819642562152,-4.383325790346287
-6.207114785597168,-0.009661392448890317,-4.628449861167531
-6.065071323156682,-0.13306005974433982,-4.429000347390127
-5.392445968838221,-0.2854256805120917,-4.34847755729411
-5.451758570988897,-0.23919093461555643,-4.421176181703623
-4.777766483400341,-0.4926413976464543,-4.1389392848380115
-5.4918833149946575,-0.2640388818445063,-4.3581053725771355
-5.823884157826036,-0.2115909457995531,-4.352334297056583
-5.74911411761014,-0.14781516339479062,-4.5048092086047395
-6.0446609715386685,-0.14153155523945052,-4.418860806939243
-5.965325304944055,-0.10249052997639893,-4.523388079663552
-6.124483591059044,-0.14846293412741524,-4.378390509323189
-6.024148248822831,-0.0437573788056718,-4.621246734045414
-5.467407680858287,-0.32670633464851545,-4.24092901168124
-4.345695567048314,-0.6004211671239902,-4.0674033846669495
-4.223877252585041,-0.7534002149504999,-3.802051393835021
-4.450103016210732,-0.6346947055549833,-3.9640538247508235
-4.710408360959226,-0.46566488989677673,-4.215345007817739
-4.009046483181081,-0.7700481693836669,-3.840365741436673
-4.972334436250989,-0.5403651175347706,-3.9786358607778296
-5.616337863803276,-0.3056412687156902,-4.233415749231895
-5.961645277191886,-0.15694416410544204,-4.415707487322854
-5.462409092893798,-0.33352747351455225,-4.228952929937329
-4.428875389458465,-0.6257281557539635,-3.9890627999369523
-4.8869635188584954,-0.5090839500616797,-4.069655168188176
-3.979259259106131,-0.787019672090263,-3.816351810715131
-3.5704148815342673,-1.001647573564695,-3.523377466956888
-4.189107343292734,-0.7666353356547989,-3.7871711221905247
-3.953471162793894,-0.7835635772647612,-3.831860032470214
-3.7622719161879874,-0.7860142904272709,-3.8906916883471636
-3.80235789872828,-0.7968620834560457,-3.8556341081095162
-3.7585397662836506,-0.8253095911510988,-3.8133451368676194
-4.777334230674595,-0.5412523224713492,-4.041861519430137
-4.876886497369204,-0.47722854585108054,-4.1367249837724716
-5.1176596781515915,-0.4952552766973618,-4.020413795152447
-4.054677887869692,-0.7949739893400216,-3.7753036332944268
-3.9127009961728265,-0.8429817804947433,-3.7266136815506057
-3.1765694673311873,-1.1379112797024398,-3.382131859415759
-2.8831911858592987,-1.146807576333613,-3.4621320266440416
-3.421480493556162,-1.0039222095414262,-3.5684729909961277
-2.734730931132414,-1.1901953402624454,-3.4248432503620054
-2.7123217046723926,-1.1386527960891997,-3.5353980808618375
-3.7212738162245564,-0.8709114769000881,-3.734563348722672
-4.331811189725458,-0.7063778596225212,-3.8601181254441728
-4.425589298484944,-0.6316558022114577,-3.9783028706798036
-4.280702659536329,-0.7573271356847601,-3.7752557500494044
-4.593497529448749,-0.5649753633846256,-4.0556943380121995
-4.519507556288892,-0.5860412330164437,-4.038225923135183
-5.183467481000406,-0.4337679424115145,-4.121452529441203
-4.540862790314633,-0.5357734419471087,-4.131643093931939
-5.720442379726529,-0.2488299788629268,-4.312336823629671
-6.118351306166492,-0.11215721486832601,-4.453046042805552
-5.880381996684079,-0.19006349692113494,-4.376556581860737
-6.194455168153428,-0.10282064089981272,-4.446351236746932
-6.235223760230607,-0.12315360450100638,-4.392095778852152
-5.899882830050037,-0.109259257774714,-4.531664782364927
-6.167508444643654,-0.06156668507239676,-4.537841389571689
-5.986542221358236,-0.15721447593846147,-4.406867882268033
-6.254210898050541,-0.00861260453432206,-4.614848732845543
-5.862239713303988,-0.13945886150633025,-4.483813280483711
-5.703633206730381,-0.1980585392778228,-4.419482760465262
-5.716255252591885,-0.13532842989879276,-4.54073563060282
-5.805866684830511,-0.216513300181933,-4.348495412623664
-6.041995958896372,-0.041702463472918644,-4.619407328019739
-5.278070679659787,-0.27663376633044,-4.404186482050226
-4.641334678163825,-0.6052192304822521,-3.959260887578588
-3.94347382306294,-0.8252707959398372,-3.751778041697046
-4.134924743076225,-0.788875742351321,-3.7607511755363174
-3.1802507709747143,-1.0423770862348483,-3.5719731451364325
-2.8399819343614974,-1.2329074591912506,-3.304335344761367
-3.3344895922240383,-1.0082564411612607,-3.5888014948671665
-4.122766313331924,-0.8114729649841786,-3.7196095401853686
-3.0705823006421578,-1.0347425481868582,-3.6237983780099317
-3.788516909343957,-0.8149236784135588,-3.8241245813225975
-4.917469444696506,-0.4883153278151379,-4.101023770735257
-4.193057177831116,-0.7050343974447637,-3.909056387097802
-5.007542347331218,-0.41782848263315814,-4.211973160220978
-5.648738544349654,-0.22399230198578213,-4.3859134558429185
-5.984156908721442,-0.18712600431449136,-4.347839929728238
-5.3460474671374545,-0.36564758986106316,-4.203499905829756
-4.180650695794533,-0.6773403939885634,-3.9685798880223966
-4.999809916883044,-0.4672745431312197,-4.115658516040914
-5.89755765778698,-0.22767670515090638,-4.295604945033561
-4.5985147756443565,-0.5403617074813003,-4.103249234420315
-4.377558685189507,-0.6163262594955513,-4.024972160543428
-4.398964551208791,-0.6035087878724811,-4.043471815116475
-5.0509655186291305,-0.4320984543657561,-4.168958826323145
-4.441478418326323,-0.6839927789502045,-3.8683325439218508
-4.781103117119002,-0.46312480675110873,-4.196860255389149
-5.036334820595142,-0.512960915493259,-4.012110803412802
-4.512129009326149,-0.6714602703692569,-3.869847364083804
-4.969313101289303,-0.5344341645152891,-3.991504878470688
-4.333594882990726,-0.7274384792611974,-3.817402321745064
-4.939131530008077,-0.40507993794699126,-4.260273855367693
-4.248334386532348,-0.7395445737686908,-3.821610298216203
-3.954354888553123,-0.8102282898213624,-3.7782360321039348
-3.7370569974415835,-0.8330428522971162,-3.80503953752294
-3.6290392694348794,-0.8867057087781942,-3.7337197338963524
-3.923966319346699,-0.83831016873237,-3.7322017973507284
-4.141400243974129,-0.8178493057211189,-3.7006455484974197
-4.763409198576236,-0.5930014916166271,-3.9430048585057014
-5.210213723324151,-0.30384460146301423,-4.372383797230288
-5.790188404635037,-0.12394398231332054,-4.538860141759381
-5.458360568638364,-0.24302849018710548,-4.411300404677369
-6.152259374923433,-0.04830737636002364,-4.569443030236509
-6.075355333173153,-0.11910824602754744,-4.453475971484888
-5.513369691526364,-0.20070992195258755,-4.4776011668504045
-4.801253818836052,-0.5357259116493996,-4.044941145020218
-4.3501158086322835,-0.7052248974051862,-3.8563225102432335
-4.557739823406044,-0.6242731342286256,-3.949018031671768
-3.443990276460396,-0.937232120113218,-3.694349908884466
-4.429844489881481,-0.6825943202892956,-3.8750074373919494
-4.381751952067217,-0.6073807286140971,-4.041465466680434
-4.787102960194821,-0.5118444671960808,-4.097420986807266
-4.036562584619681,-0.781475987573609,-3.8083380712439223
-4.330734045670774,-0.6207557426165228,-4.0317214074743974
-3.5396611231111916,-0.884843696769262,-3.7672364733554464
-4.342885174612888,-0.6395838818564407,-3.9900147526805236
-4.537581910727921,-0.6866935288396703,-3.83089654667572
-3.9870043623899467,-0.7612033100001666,-3.8654028338007183
-3.740806115683341,-0.8552366936524878,-3.759402148731611
-3.114067522710495,-1.0658844027279435,-3.5470195949049823
-3.3396710227491653,-1.0709934941589243,-3.461600245363464
-3.3190747222884056,-0.9763131648239961,-3.65782633752024
-4.33728573305111,-0.7171599691609359,-3.8367290585921254
-3.4527115639112402,-1.0400417941220699,-3.485823465049814
-3.0202153556534475,-1.1726689628483558,-3.3647345303498395
-2.638981444768791,-1.2188420858824103,-3.3994662545766166
-2.6425084043044595,-1.2810576687660247,-3.2738594356308317
-2.87288677715719,-1.1927535312955004,-3.3736749196209703
-3.8896092926899284,-0.8793908640630093,-3.661492748908373
-2.8102413748814836,-1.1051441657168266,-3.569775451536886
-2.8750892820188114,-1.2000955045258224,-3.3582568048731187
-3.380340096345083,-0.9808324987324967,-3.6283658783510133
-3.906338793726574,-0.788695234666142,-3.837307507356559
-3.3064656044010987,-0.9661640303754291,-3.6823276457131424
-3.662308214854631,-0.8353236236921656,-3.8253942555951594
-3.00098371104116,-1.081160679203747,-3.5541616458431537
-2.528847640991444,-1.342023193038349,-3.1898153081905214
-1.5391527404055276,-1.5433681315687526,-3.1170237313250198
-1.9091962036528243,-1.4024144131959873,-3.275583346988118
-2.0414229625071565,-1.4590152274395078,-3.1183061322162993
-1.8568083127082322,-1.5236959836138593,-3.0504828364672383
-1.1242819252114378,-1.7980850503663968,-2.7458801654610947
-0.18367433481904197,-2.011741216186419,-2.632103697285182
-1.1568270114460264,-1.7429866127435345,-2.8452286786286227
-1.6727063908157223,-1.609128332697932,-2.940985445596596
-2.266255550791535,-1.3855535574506037,-3.190285276099315
-1.738399177695865,-1.5122174665833934,-3.112909582198959
-1.4953298792165641,-1.6401657403130943,-2.9380361342326573
-1.3221853667960954,-1.6694382002017487,-2.937206051928838
-2.4274744325285567,-1.3944504141112923,-3.118751935532264
-2.2297009284425333,-1.3461857597766824,-3.2812057455634918
-2.097283786075177,-1.4821778259234235,-3.0533606607257946
-1.15733454217685,-1.6948509332085544,-2.941330860788308
-2.0458812019038883,-1.372068750548215,-3.2907130061999745
-1.8713147722991195,-1.554169493867133,-2.984700329430394
-2.2149170461580456,-1.3901195706113003,-3.198266084655751
-1.865108657346984,-1.469353756455442,-3.156400509237822
-1.623237475291763,-1.6408852320676062,-2.893961285365234
-1.7325103103412578,-1.5907769817214243,-2.9577535077077663
-1.2725597011701004,-1.7381770441369466,-2.816270252600441
-0.2801726234029967,-2.045937808528359,-2.5315444164066507
-0.7780077662523401,-1.9134321647762664,-2.6306106562943876
-1.2979520140401057,-1.6461780629899414,-2.9918041106044497
-2.0369914010306673,-1.4476165971893074,-3.1425805798755304
-2.366109379751512,-1.2523291827510132,-3.4234494158451705
-1.9924556557232358,-1.4931045437450678,-3.06644993519982
-0.9874830652957814,-1.8120176165241937,-2.763614653117386
-1.3845664185189435,-1.6391054710200514,-2.9770778263846167
-1.9148654041036568,-1.4648464226928044,-3.1488295945108726
-0.9727747126914934,-1.7631709606718635,-2.866210749023476
-1.1570849679108735,-1.695537657047358,-2.9400406045326934
-1.1869489360786958,-1.7103875860783844,-2.9003860904147
-0.9380433486091123,-1.813206382375198,-2.7777170269776006
-1.2058765320638218,-1.8029552387034866,-2.7089415865027875
-1.5021905435840304,-1.6542075660789732,-2.9076655945784107
-1.7388911445333137,-1.4886724752198268,-3.1598355759802765
-1.110009549136432,-1.700826038679932,-2.945155647525693
-1.16560546934368,-1.7624954328646538,-2.803284885753833
-1.0168808163882206,-1.708953847700398,-2.959942940400831
-1.0937912553701366,-1.6894487253284591,-2.973316372150737
-1.50205301773922,-1.535299689777685,-3.145527189129258
-2.1544000928744076,-1.4631080059152302,-3.0724615318091044
-1.742005186376075,-1.5003237035083736,-3.1354951054555955
-1.5263369226517742,-1.6910397630812308,-2.8259524075513145
-1.7642073371799478,-1.531220037537741,-3.0663017204622367
-1.4409613725074184,-1.7061660985768436,-2.8241582532748737
-1.5187766990169045,-1.6215641244942502,-2.967423759270232
-1.8101212148823553,-1.4796213214322762,-3.154194526772363
-2.668162152028908,-1.2987170725388844,-3.2299893788436296
-2.114489692664184,-1.4496502109340696,-3.1126805885081668
-2.647040810724585,-1.2286975674017762,-3.3770688362192867
-2.3888654789052572,-1.2794426664774974,-3.3616370820076202
-2.0386589798686505,-1.452140845985308,-3.1329762226708677
-2.445977891360306,-1.3426133455799751,-3.216258252984315
-2.16302265773693,-1.327686365409435,-3.340430624533188
-2.2987781707466355,-1.3572645293196477,-3.2360224590428603
-2.306284685900468,-1.3343058115345536,-3.2794377228951035
-1.8252771375104604,-1.5169099321722401,-3.0745653310830665
-1.1127477976564022,-1.8328297209540254,-2.6802355334708494
-0.8626779805066446,-1.8201662719725689,-2.788919037150348
-1.7998379785387577,-1.484618776125139,-3.1476273628345037
-0.7556999384909853,-1.8047276201890372,-2.8554556880559643
-0.3065325133598911,-1.9358912123892502,-2.7428509786992366
-1.6602698674927385,-1.6246972090176244,-2.9139932007315394
-1.0471192897637356,-1.7340651337635,-2.8996408771494555
-1.8687852100850917,-1.4271662271400691,-3.2395500502891985
-1.1792049800521744,-1.7382503456573788,-2.847241889932218
-1.0281967619757246,-1.8582080535072056,-2.6576625469247146
-0.44229153053225273,-2.019625859097001,-2.5301286795596147
-0.8964796549400144,-1.7623466486956623,-2.8932910588930385
-2.210734506113947,-1.4600721765738631,-3.0597550527453254
-0.8087220151557343,-1.7807603847988622,-2.8857161332813988
-1.8825673770344924,-1.4697469953288402,-3.149794458261856
-2.4485613024823514,-1.22318394355419,-3.4542559199952034
-2.6628898088601,-1.1824418772591418,-3.46429721712605
-3.905734461268171,-0.8765290563532678,-3.661841308135108
-4.06538796556169,-0.7225782230773135,-3.9165251399225105
-4.589464638997301,-0.6420909526794355,-3.9028074562397292
-4.094830006056068,-0.8259386464645528,-3.699990279649906
-3.768506714890864,-0.8734849178855844,-3.7136721671962443
-4.165793950819097,-0.6722162011034046,-3.983780522117859
-3.4881777198908757,-0.8830448483689585,-3.787995304562825
-3.826050043044729,-0.7718936624962646,-3.8976735685902617
-3.3289863886103137,-1.0357223974330163,-3.5357039835282302
-2.9541806149394376,-1.136775891393849,-3.4585322534968563
-3.411333374520017,-1.0283145941670633,-3.523070594756902
-3.5184518208208395,-0.8906089103656452,-3.7627758135927976
-3.850748830182007,-0.8297164827007344,-3.773794999135563
-3.9062245473876382,-0.7523309628702571,-3.9100741330613076
-3.447331489333879,-0.9270197429427107,-3.7136609256009865
-4.2337650098760795,-0.7603842289471181,-3.784787446744771
-4.7781360548495915,-0.5518188031518028,-4.020461283344231
-3.8922085958625803,-0.8772492452869004,-3.6649095520697066
-4.7302863954511905,-0.6002701593382336,-3.939508457437504
-5.645232019864331,-0.29805642230051976,-4.238954056708551
-5.819773325209295,-0.19244545400916277,-4.391995558176277
-5.037610074035092,-0.41866974433193743,-4.200268061255462
-5.0332689998820355,-0.3751562667344036,-4.288742041168215
-5.008702034948522,-0.5353299967758766,-3.9765835693964404
-5.436484471007635,-0.25923134386723234,-4.386186729860691
-5.199589822701511,-0.3901506070350902,-4.203313086293683
-4.874043069351843,-0.5226105323938877,-4.046908820025977
-4.2092196695772985,-0.7148092374998314,-3.8841192097389383
-3.1919140284023992,-0.9845298044919413,-3.6837799561463522
-3.62825466422968,-0.8330656299037567,-3.841261426713628
-3.4804232552599954,-0.9601761085655376,-3.6363176057132938
-2.5744207796844965,-1.2833674302273488,-3.291935787581504
-2.6133897813798628,-1.225062935153839,-3.395555110496735
-2.7400873571295796,-1.2384301881576336,-3.32658807923924
-2.432631408240288,-1.2832695021627274,-3.3393947675254836
-2.0386947183195643,-1.4394184116222823,-3.158409178579948
-2.220505020030939,-1.4637211217856174,-3.0492003243494863
-1.1955243594765845,-1.6772752336952779,-2.9637523207149505
-1.825872624047473,-1.4427754766268477,-3.222635746661514
-2.5464622721649195,-1.2851320247193816,-3.2977261011039647
-2.34019707153419,-1.2696949104698176,-3.3973553964800027
-3.1532929924823923,-1.11368962197251,-3.438333999825216
-2.4918242994170883,-1.2378461231837703,-3.4105105617577975
-2.6464847634583593,-1.2817096579304057,-3.2712300042507696
-1.723233081082049,-1.4936099247433343,-3.1551800314170158
-1.6166787141502013,-1.5427197593323465,-3.092478484549607
-0.5851325722215797,-1.8514485226872224,-2.8188696718160626
-0.14705751392661762,-1.9981009045296114,-2.671589927562939
-0.5816649878080208,-1.922368523371623,-2.6781855319184475
-0.377946755219733,-1.9618209176734263,-2.6671868208442704
-0.34305714891318667,-1.981864199690457,-2.638730125579058
-0.8539756452369266,-1.8627663889269914,-2.706619581664742
-0.36914417817228534,-1.9498719727947158,-2.6940189029508406
-1.3037542515338487,-1.653020473742325,-2.976185209935101
-2.1227694508519295,-1.3777984397456373,-3.2536242114891163
-2.7998706943795466,-1.1960638233369383,-3.3913930297973085
-2.9733778842514496,-1.185425559206541,-3.3548338281008023
-2.8887459767071744,-1.2105362268797604,-3.332823128602455
-2.469331562419982,-1.2234217962018923,-3.446856794720589
-2.820954526253086,-1.1949052979115973,-3.386682136690144
-2.110608724107524,-1.4138854974540578,-3.1855036716537435
-1.9407730369760796,-1.5243672419441279,-3.0211520783840853
-2.5566251521681753,-1.2972585280951585,-3.270085467684658
-3.453233554245629,-1.028011492053588,-3.509710072408649
-2.756777499290438,-1.2557908331766106,-3.2863034084810008
-2.0191236188419426,-1.4165505508183818,-3.2106686000136224
-1.5646952683671205,-1.6149537686029136,-2.9653382812694997
-0.6565549826564505,-1.9256055419413658,-2.646748163162819
-0.6869496490582893,-1.9396355098073368,-2.6085566719635978
-0.8019385647834725,-1.938821334699085,-2.57185538360504
-0.8861577845237099,-1.8170830187286982,-2.7872589422990677
-0.9787530837389713,-1.836823242517394,-2.7169133949832553
-0.6396538258566437,-1.992978783327243,-2.517635399324333
-0.2848408334954818,-2.102989719178588,-2.4158845250753647
-0.8817448873655094,-1.9008717263968893,-2.6211524926820853
-0.6323817053696849,-1.8354306134217053,-2.835155779297729
-0.2636558362173086,-2.1115369928824963,-2.4058516434269386
-0.874970115856937,-1.8122596650336271,-2.8006348725781343
-1.1822312748542805,-1.7506603962739449,-2.8214130237650505
-1.7667735615723026,-1.5861744283634407,-2.9555375306800515
-1.5333799621449555,-1.6005156130156568,-3.004653027851402
-1.9885949904901759,-1.4501891143402552,-3.153567682420465
-2.741750825186729,-1.1955707900007189,-3.411752386200687
-2.980210282466576,-1.1132169858680085,-3.496973508706158
-3.0395975408352567,-1.04482505257937,-3.613961622493875
-3.192119657309815,-1.091222969314225,-3.4703250835326456
-3.669162240740899,-0.8811814943559404,-3.731393838972187
-3.804740646012026,-0.8369786897641479,-3.7746066463987296
-3.9308507243092463,-0.7591988256713266,-3.888129681818633
-4.73566540040443,-0.5986894634959414,-3.9408768474710083
-3.665200926733101,-0.8532726548070215,-3.7885319560726245
-3.5549228196049327,-0.9882633306492644,-3.5553099734308606
-3.47856175045734,-0.9339951849410343,-3.6892999545631855
-3.5144671197271102,-0.8762758481066617,-3.7927701718086744
-2.940879789071689,-1.187683352410318,-3.3611509400865014
-3.381413096881258,-1.0116546161080346,-3.5663639767545456
-4.124760402292439,-0.703594648792798,-3.9347014762479584
-5.059276892231925,-0.4655215832662271,-4.099342110654605
-5.6536700688717,-0.15270161626055442,-4.526850985786025
-5.741170838938558,-0.18621836089121993,-4.430650573169075
-5.491860258711365,-0.3691302058080653,-4.147930410077782
-5.783124860079977,-0.2372672644106376,-4.314568092416433
-5.140565003857638,-0.32221081683829933,-4.35886760630189
-5.870976784125918,-0.18215319453217704,-4.395512257491374
-5.623719574160841,-0.22472918492952787,-4.392779346685032
-6.311659465573472,-0.0815152936283286,-4.449893832149886
-5.456974409014708,-0.24391342885765718,-4.4099925805441496
-5.815613191066353,-0.26834401054671286,-4.241585156482158
-5.811947565998968,-0.2501148611357844,-4.279265330326476
-5.9199573988770595,-0.11953988864403928,-4.504411997683936
-6.220883628238466,-0.03800731743472911,-4.567168396982088
-5.933650137961921,-0.15563473147804432,-4.427658065654305
-5.261368617404929,-0.398497703249033,-4.166025962297992
-5.520388102423247,-0.2485175044689003,-4.379646531518818
-5.983276238749906,-0.19894413360669327,-4.324497227801012
-5.334164389682039,-0.4235032702743271,-4.0917495708217
-5.796909861476427,-0.2643510045171412,-4.255805611737943
-4.739286124704128,-0.5346858784644322,-4.067677109434127
-5.121284855789393,-0.4965876840672615,-4.0165405878667135
-5.003371781132287,-0.3845153012432842,-4.279989711733704
-5.784760621947775,-0.13765873680365373,-4.513239893674468
-5.570856219355831,-0.2618648202010854,-4.336129194410253
-5.153382274585932,-0.3693894451548907,-4.260237926092609
-4.461989087223546,-0.6655938955830102,-3.898293421023832
-5.2472941719360024,-0.3642396884008045,-4.239233473817424
-6.30257111920558,-0.0447827338260819,-4.526388400543677
-5.791583338430983,-0.22226998857451494,-4.3417431513050095
-5.896564132926414,-0.14531560899721246,-4.460658312294471
-5.815058352334594,-0.10676419698905552,-4.564929729841392
-6.3366076597298395,-0.013502048477434117,-4.577604257732886
-5.659569782649141,-0.31405780115204435,-4.202172044743898
-4.589768478200081,-0.6383167409759025,-3.9102545999125353
-5.161450063576402,-0.35873106996767407,-4.278865413470219
-5.043356274172857,-0.4673198670630714,-4.101052415747272
-4.781886873921005,-0.539455420155317,-4.043937776313398
-4.45156687890661,-0.694307204481718,-3.844340872665394
-3.924393861823648,-0.8061835731739025,-3.79631247430868
-4.855466478145612,-0.5660269234221923,-3.966268235038112
-5.4322445973974665,-0.34070652456697686,-4.224649659664592
-5.804593539875089,-0.1713462046467528,-4.439253985345832
-5.51949535344326,-0.34882530452130517,-4.179328514407337
-4.958801137114265,-0.4014586333388645,-4.260959928881883
-5.943931180804801,-0.14821506665139864,-4.439070381026636
-5.169614116868317,-0.45503138769338874,-4.083543426921484
-5.7481423194861625,-0.1348838211991912,-4.530995825703931
-5.385682022116703,-0.32177462438102733,-4.278034318463412
-4.983972329093632,-0.4444677073100068,-4.166551383613142
-5.023057221270062,-0.3966060097382808,-4.249246481364452
-5.927736943067555,-0.18768166463780384,-4.365535264299575
-6.261713116737067,-0.010998564187112068,-4.607576073977788
-5.600608472928279,-0.21465531411474342,-4.420630788725455
-5.901884098466748,-0.23279051012159419,-4.28393518819893
-4.726379657379318,-0.4844493150651254,-4.172452392007678
-4.978397719638242,-0.5018143655358343,-4.053716270313285
-5.214943406093653,-0.40675524365825094,-4.164985951916648
-4.2610988476891825,-0.7210506413044293,-3.854343342759115
-3.3435604735927087,-1.047335741674542,-3.507619266717714
-2.806174871698603,-1.2463019362900127,-3.2888154114514747
-2.005829130425272,-1.407606403626533,-3.2329883905362102
-2.0406755425251,-1.3656414327629678,-3.3053028615633986
-1.204680284851009,-1.6721717747762226,-2.9709072634282525
-0.7292878721062089,-1.9299246266725987,-2.6138656972171
-0.29282286823125925,-1.9521932505636332,-2.714816784060014
-0.40255422590244916,-2.0588129678697236,-2.465000230224104
-1.0238916882466453,-1.8635994374064042,-2.648314803702677
-1.5339403634807334,-1.6739171556847763,-2.8576631420679037
-2.140073532098365,-1.425115813972556,-3.153221435953134
-2.6759150565274963,-1.1569701179955474,-3.510898986430774
-3.7732669986325664,-0.8460429196176769,-3.7669694024848255
-3.1215211101452445,-1.133910653023679,-3.4084825651685944
-4.202559572825096,-0.8036785597312528,-3.70860059752683
-4.73713941477928,-0.5226386741844942,-4.092487087968952
-4.069836864642054,-0.7914253760837731,-3.7773478675494703
-3.6681643146026666,-0.8589389569956908,-3.7762115557387634
-3.715499880921815,-0.8887324677829082,-3.7008460120579465
-4.104841689950328,-0.817420149896174,-3.71369004482191
-3.7028352561343127,-0.9250866234455353,-3.6323592423285262
-4.261371080851479,-0.7221160824497533,-3.852121716081035
-3.470666579495991,-0.9348743931055039,-3.690173261888029
-2.5318443831246045,-1.2235307070252237,-3.425801366172385
-2.726847525241905,-1.173360900263352,-3.461139932323695
-3.105136432722937,-1.0679738615097436,-3.5458177073372346
-2.2302545254699666,-1.3422112376082338,-3.288970257557911
-3.3617708250230725,-1.0717481506605975,-3.452724331602148
-3.311718124211798,-1.0693196930633266,-3.4742654804004482
-2.904911351451339,-1.166565570791038,-3.4153759825318453
-2.4858418438134424,-1.298394831847658,-3.2914072962979035
-1.6334669084323277,-1.5233381417390586,-3.1256456549754748
-2.458764177557933,-1.3065644593825063,-3.284093929980044
-3.4615023847223907,-1.0283781326389456,-3.5062205144123464
-3.9507193274106647,-0.7971012469441832,-3.8057019715724456
-3.6794974928709445,-0.9395117481793615,-3.611288247281996
-3.661186140304383,-0.8262919882661703,-3.843831551297232
-4.8848536485704726,-0.5206627832339972,-4.047200791939549
-4.285150418527391,-0.6979517116314782,-3.892524011825614
-3.749841644530496,-0.9078982259740097,-3.6510672411395158
-2.907552679019121,-1.12899861886223,-3.4896294438668667
-2.95960254930498,-1.0828118100077921,-3.56465310481379
-2.3978934323052914,-1.237293628464618,-3.442925840233367
-2.7926805551434555,-1.2651539408990335,-3.2556095077518155
-1.7893296891009558,-1.4481834556327533,-3.2240007669652084
-1.3713065590808262,-1.7213726526263176,-2.816963416318124
-0.8133508992565925,-1.7722938551407372,-2.9011062312306954
-1.7343668391686728,-1.5635507198785807,-3.0115871884509815
-2.491224101611259,-1.3694719438469243,-3.1474589863667655
-2.62642978925285,-1.28409370092495,-3.273146909663517
-1.4107046328495416,-1.5737352267381166,-3.099105576838287
-1.9516618795277854,-1.543080074666554,-2.9800967987553304
-2.241630335896298,-1.4204966625266362,-3.128607470912329
-1.4797373260547386,-1.5516473611513508,-3.120270410276753
-2.6335100174363495,-1.2600795781229122,-3.3188150792064266
-2.548522502659826,-1.2518865565746222,-3.363530293895181
-2.05330834250989,-1.503516384652696,-3.025342024455679
-2.284498614424881,-1.3601157526540424,-3.2350798644813223
-2.912803742284686,-1.1964558955336113,-3.3529645361022493
-2.4653493297063593,-1.251737548067327,-3.39155270189426
-2.2978116252135017,-1.2947705920052563,-3.3613325155160205
-2.0149507139858818,-1.415259780608305,-3.21464110871913
-2.956726670556819,-1.1854289582047866,-3.360377434669188
-2.252421458630247,-1.3354054945456482,-3.2951927659629887
-1.3326443424829644,-1.5920242340964041,-3.088547658910571
-1.8896173506325864,-1.4158915552333842,-3.255155347253403
-1.9369679199024181,-1.4304127058478182,-3.2103295229345914
-1.7922012086367813,-1.483834770231362,-3.1517409645893837
-1.3533020318056543,-1.7210127803166366,-2.823684670029209
-0.470046560519433,-1.97247494507019,-2.6151788309508435
-0.10984002050182333,-2.1217728890503276,-2.4366517896631046
-0.2676983716916379,-1.9470804708829519,-2.7334171756012515
-1.0764256823176444,-1.771871639896945,-2.814259067364596
-0.8834495454884446,-1.790334129697099,-2.841659466707355
-1.8602518930003231,-1.480710147181449,-3.135306649234695
-1.2087961645231726,-1.7601605272596508,-2.7935577985706748
-0.2970424920130981,-2.0436005241945843,-2.5305956955374995
-0.07197311402779469,-2.157638749544579,-2.3775423708326113
-0.5945649684596196,-1.972758687842464,-2.5731052094262328
-1.6727558610286357,-1.6411052423084285,-2.877015136304632
-1.048194336585331,-1.7367177388605572,-2.8939773180148096
-1.3989096092671574,-1.6916827736094096,-2.8671421576231624
-1.1381772594118602,-1.660548210231425,-3.016322067664231
-1.8300181834979095,-1.429011212639304,-3.2487824214864562
-1.6970133916828887,-1.633871826089121,-2.883396125191829
-2.4488182891786217,-1.3222733088362877,-3.2559915271989177
-2.209585191792454,-1.3579899359949217,-3.264302638677039
-2.33867547804105,-1.2564868550426382,-3.424278705165407
-2.2839384036683135,-1.388548776553,-3.178400553602263
-3.115765732305053,-1.06442343026671,-3.549375469962597
-3.727968031272178,-0.89763005736754,-3.6788947827718945
-4.548020153587029,-0.6531435940817605,-3.8945170019051707
-4.480525188479732,-0.6429598762681246,-3.937382759234874
-4.162518896272926,-0.7317820754964355,-3.8657404581805217
-3.3391782467510533,-1.0052614666601307,-3.5932285590270876
-2.5179986666539644,-1.308681840282808,-3.2601143384807636
-2.7712171229772093,-1.142540945878109,-3.507989975182413
-2.7238137918942806,-1.2282005507911498,-3.352471875717307
-3.2506157022950894,-0.9737266328160937,-3.68581907486715
-2.76489400520448,-1.1324988399718134,-3.530181892919247
-2.922740531405485,-1.210597124579295,-3.3213698149706152
-2.9396331777776297,-1.0812746946325038,-3.5743837927401496
-2.596145885915281,-1.2279522816014905,-3.3955243827562933
-3.043713874830604,-1.161258831191005,-3.3797219539388226
-3.4963082419145564,-1.0221869200630207,-3.5070009871668075
-4.154129733367894,-0.7194790656810849,-3.893142865446233
-4.022116086542279,-0.7652575609656056,-3.845590423819063
-4.442963337929974,-0.6366125425848516,-3.9625980434513393
-4.506392724373854,-0.6618617839895377,-3.890956431827341
-4.029791961926266,-0.7176962297363939,-3.9381544611494905
-4.431637750832728,-0.693996808120552,-3.851604708079021
-3.4094763438165,-0.9316399661421167,-3.7170388610413005
-3.837844250284364,-0.7916401812740874,-3.854249128621405
-4.091892266883959,-0.7087479439576806,-3.9353509310543533
-4.38366917838143,-0.6501039886030641,-3.9553798712644292
-5.382591961489399,-0.3706378084305833,-4.181337970573401
-4.733050721517153,-0.504277978938525,-4.130571376214933
-4.216660477222179,-0.7665790247265327,-3.7780993660705753
-3.308368885072771,-0.9419030936524972,-3.7302150922684496
-3.5745222303013073,-0.9015023189707003,-3.7222988598891975
-3.5949490536850437,-0.8683444311825118,-3.781805694337663
-3.3658654861321886,-1.0662993716180538,-3.4622570026508637
-3.309926662470402,-0.9341553703747332,-3.745191279691434
-4.1585300890515065,-0.7323631265124319,-3.865907958555668
-4.608330243137031,-0.608766287809884,-3.9631682512655892
-3.644587193366496,-0.9429132129244118,-3.616122084293379
-4.415814757917002,-0.6954647948077,-3.8539430656766336
-4.108418492920764,-0.8067354599903216,-3.733867156976803
-4.6777809703994295,-0.5411549790020787,-4.0752406264604
-4.55828939284942,-0.6356445396698428,-3.9260920309748752
-4.033392607671907,-0.7465156013705875,-3.879315502632557
-4.106904454255416,-0.681495233205015,-3.984852290102532
-5.24376029081047,-0.4191933894059624,-4.1305040321822855
-5.613256356778413,-0.2045638953958984,-4.436597664879766
-5.770100958451469,-0.18946413678937082,-4.414515648201802
-5.700206906159073,-0.2997802782303179,-4.217181382750708
-5.872722684906548,-0.18853045059245413,-4.382175778443943
-5.163284140248173,-0.45357677984625183,-4.088562634822472
-4.597806812442791,-0.5127380037525894,-4.158732629611592
-5.248726176642126,-0.4373618335657478,-4.092511848585497
-4.441187359522788,-0.591576961855679,-4.0532611977120805
-4.357378158991982,-0.6186464703023794,-4.0270585809956145
-3.503926380191305,-0.8983759867255675,-3.7520834744161307
-4.329034061388104,-0.6291297733879728,-4.0155400073590535
-5.071585674248707,-0.4503318047945367,-4.125618740259058
-5.564839823825951,-0.296638986812514,-4.268586326364022
-4.421248572562228,-0.5669868044269013,-4.109087774889822
-4.2079672862638855,-0.7816236991607105,-3.750907747521651
-3.648879155038563,-0.9759067075733565,-3.5487044411048
-2.7870742965118818,-1.1271330683629681,-3.533520005701137
-3.0169356909597536,-1.1545040108309195,-3.402157655949278
-4.024836570377859,-0.8216969788623513,-3.7318047600803785
-4.663365543364457,-0.4933790828918966,-4.1755975610257545
-4.26017454856094,-0.7694315194331959,-3.7578896862109956
-3.2279440293632025,-1.0801074991889785,-3.48061456643201
-2.702738481925383,-1.1695517371117483,-3.476794606399076
-2.125999592519272,-1.4816774636469567,-3.0447894497973635
-2.035405907914043,-1.3922673073670924,-3.253807657225502
-2.4331729260377197,-1.3921857844759744,-3.121381696966512
-1.9839537720747342,-1.3937793506060736,-3.267934282693975
-2.4143066407287277,-1.3766815526419913,-3.1586789224041416
-1.9871432407860397,-1.458871777920096,-3.136686271828829
-2.556125842272167,-1.3443012637854397,-3.1761664329360992
-2.0109759839159826,-1.4756778623319793,-3.0951298552950814
-0.8773540232978084,-1.7924854999241648,-2.8393885669834353
-0.3253255569544689,-2.04201678291979,-2.524335489773297
-0.20029543015649925,-2.0840077991908577,-2.4820301661638187
-0.03291527017503678,-2.1910668429712152,-2.323705465263591
-0.34813539267707677,-1.9204433896954198,-2.759878997647836
-0.9659020396867142,-1.8426720172118656,-2.709499526945065
-0.23152408865801838,-1.9942934607680973,-2.6510492901755
-0.9826249797879102,-1.8598172480911894,-2.669634751819352
-0.40946136692564483,-1.9857970340037483,-2.608729717614989
-0.46315699038205116,-1.985319785393069,-2.5917856736842118
-0.14006608479078503,-2.137251701776277,-2.395618809448218
-0.10067487796344757,-2.160439044720588,-2.3623745258353757
-0.12763712720711654,-2.0737260490140965,-2.5268131008338024
-0.8030822065784041,-1.8730900125291334,-2.7029368140132988
-0.21734033710319378,-2.033391281212493,-2.577581566471651
-1.0605538771061982,-1.7192912410961623,-2.92471046670331
-0.5408541757912659,-1.9921719884700273,-2.552182205727224
-0.905640866929021,-1.8051868823033328,-2.804556854348028
-1.139541801154905,-1.7016868305134507,-2.933589979852498
-0.611315540912084,-1.9655409126256047,-2.5819572357091296
-0.6181285327503846,-1.976396544712233,-2.55797497425644
-1.246654233941456,-1.7155504687552903,-2.870158559106635
-1.075391105471754,-1.7705025869877729,-2.8173420321315703
-0.10652466107356237,-2.085800643069125,-2.5097014014349295
-0.3448694768961891,-2.0118693523093056,-2.578115711013693
-1.148348816507185,-1.7955066339770236,-2.743014701141259
-1.6771272105533632,-1.5225507466403698,-3.112667011132507
-1.9365938609983768,-1.4349808580165768,-3.2013179048984215
-0.8918092314956786,-1.7483458600521689,-2.9228494439948034
-1.8476999745599014,-1.4604136087913766,-3.1800836988283137
-1.575598638613168,-1.605940175784796,-2.9797310101570527
-0.9481800917773353,-1.7560996762201093,-2.88855152489837
-1.4236501040827925,-1.623338924849749,-2.9955830235372725
-2.041383454119605,-1.38042820544124,-3.2754933456753523
-3.0950348639938237,-1.0960523689233062,-3.4930278820864804
-3.5065652222438297,-0.9069870439074063,-3.733981746034945
-4.232680004686719,-0.7576880760046211,-3.7905414210262194
-3.733370018160519,-0.8163775903922978,-3.839599054426265
-4.265096714860716,-0.7262367225091833,-3.8426385579590954
-5.202322934241523,-0.4582891420500338,-4.066124979083793
-4.215358156993188,-0.7437934142142132,-3.8241046938382115
-4.77768443215279,-0.6071046469016925,-3.9100401367433855
-5.591460708589045,-0.31858860445350085,-4.215813462827684
-5.833197051089182,-0.20325909977127923,-4.365893691358748
-5.492412335949494,-0.3162136194937657,-4.2535795569603385
-5.157166540972126,-0.3572368484383211,-4.283281697397017
-5.641731244364905,-0.20817342806294323,-4.419886970350179
-5.678242974578336,-0.26669996653347705,-4.290663316671302
-5.1113805490906286,-0.4984644251490741,-4.016088541269343
-5.594540704570937,-0.3198267127246226,-4.212310580958143
-5.796968661753822,-0.15934957141664075,-4.465788877846478
-5.5454354736075215,-0.2793553915819399,-4.309621633564647
-5.360107993371693,-0.3378016083159084,-4.254505026841986
-6.362727369031061,-0.03198355088536081,-4.531934683149959
-6.248874198036721,-0.12320759112517052,-4.387437659668453
-6.069939451296323,-0.04803552953755572,-4.597426698423814
-5.289310342240615,-0.3798851364098599,-4.193937187697776
-6.2360448859502045,-0.12628284003875462,-4.385563599203457
-6.090339673393865,-0.11488819105707897,-4.456921301352254
-5.261834901434841,-0.31885203122124145,-4.3251618783436045
-4.91133145298064,-0.473200529244923,-4.133299365114309
-4.502286776239557,-0.5651725726915291,-4.085703503801456
-4.120612928688667,-0.7233012618536402,-3.8966707413275308
-4.5902952754977875,-0.5518293757479611,-4.083053731269183
-4.860763539388307,-0.45393028687398584,-4.188695821053627
-4.310789192762813,-0.6279916190367657,-4.023897938936565
-3.5597700193783033,-0.8944486101372732,-3.7413236811970534
-3.281588116453462,-1.043252661327021,-3.5364428797925043
-3.9028881855643744,-0.8988456528617041,-3.6181568736861673
-2.996289824922347,-1.0887048200854514,-3.5406379927860154
-2.9143933266680175,-1.1265789165201983,-3.4921886326679648
-2.6804681698805397,-1.2874036406684866,-3.2485142366338815
-2.242300573170171,-1.325057469413009,-3.319262444714959
-2.481760184241279,-1.3092613869621477,-3.2710347392596457
-1.7999287126930668,-1.5410331953247876,-3.034768279717103
-2.265525775156213,-1.3924275210538042,-3.1767806074380216
-1.4409680330123782,-1.6847351457007484,-2.8670179388587447
-0.559421068741013,-1.90397648704493,-2.722384244260836
-0.8345373734769834,-1.9129220845819837,-2.6127876142747386
-0.8708433001759199,-1.8883265891396017,-2.649876629593191
-0.039671986431160926,-2.0231516289396887,-2.6572836545746026
-0.7787487054280022,-1.9448388919637345,-2.567550222194231
-0.649485160809161,-1.9685672841219186,-2.5631812860841428
-0.7292050097764433,-1.961365034348423,-2.5510125026420405
-1.131368297811613,-1.7546386164020622,-2.8304109091897054
-1.7706679395635665,-1.5507582516254161,-3.0250717581590134
-0.5874237636021189,-1.8744276727715745,-2.772147641187179
-1.4690800934829888,-1.6748939592440888,-2.8773296249485267
-1.9394433322072013,-1.3977535210609962,-3.274822755073308
-1.5637291483924833,-1.6023533293274068,-2.9908611998120596
-1.9347125744724902,-1.498668729193474,-3.0745692580532555
-1.6522606875378367,-1.5284815993957828,-3.1090941466268567
-1.3537224801400376,-1.7245293840587246,-2.816511313100239
-2.1749339225633464,-1.463558030488582,-3.064716872766088
-1.4391803995412673,-1.6625769500719951,-2.9119302079399545
-1.5675926947065606,-1.6722116014772725,-2.849856806740969
-1.3811992403040099,-1.7012615096811918,-2.853888141800647
-2.0291465078518103,-1.424544738860719,-3.1913392609256586
-2.2751962514605637,-1.4295305230521311,-3.0993511113399173
-2.4799843852605936,-1.328352954419981,-3.2334435373375405
-1.9769401483328362,-1.5450325043903343,-2.967765849706087
-1.8429949731378708,-1.5687357000727684,-2.965007850072874
-1.1595579576905297,-1.6566870968548204,-3.016917394991217
-1.9668095524302152,-1.5246111130464008,-3.0119854976948273
-2.338921004711361,-1.3829302199742441,-3.1713101330787588
-2.5515747200679058,-1.2462126151871293,-3.3738607708674735
-2.7006410794774713,-1.2343998129548048,-3.347797588862267
-1.7808595442168014,-1.5656758740186485,-2.99183931182147
-1.8635920643914732,-1.5311109801227383,-3.0333915928883997
-0.9349933462647523,-1.8395041588277303,-2.7261381415206563
-1.4424288841366009,-1.66224206159876,-2.9115171566879807
-1.8597365701007655,-1.4480548758150578,-3.2007889662673294
-1.7260329562808616,-1.4828293205063097,-3.175807948158128
-2.0927407807353444,-1.359590054203931,-3.3000505392780575
-2.256436847987347,-1.3594344473927895,-3.2457963971496726
-2.888356549577885,-1.2232129871255735,-3.307599417153926
-3.7315332113338107,-0.9510808894146751,-3.5708047253237476
-3.771825523097412,-0.8624741268904547,-3.734587479784321
-3.7793927930695563,-0.9068276399539317,-3.6433580303333186
-3.5513182228260733,-0.9631607945259819,-3.6067165779370454
-2.9599866007645974,-1.1445236476228462,-3.441101412430476
-2.61566710209077,-1.2607714814307738,-3.32337891103923
-2.4658465161809975,-1.3310679206305374,-3.2327262279429605
-3.460734822209692,-1.0151931670611984,-3.5328462997387398
-3.447598611017209,-1.044663272590868,-3.4782848257435615
-3.2058017235066285,-1.0395366905307022,-3.569136952367421
-2.464663306069431,-1.2607321924124788,-3.3737920877495995
-2.072606705037989,-1.3578227491865824,-3.31029650787854
-2.130676147517662,-1.4492596204558186,-3.1080662845135096
-1.2836357961475593,-1.7241724281402064,-2.840587452934768
-1.5017642989857067,-1.6865011185578753,-2.8432205711533807
-1.8182322115580791,-1.5512052718406744,-3.008322960396992
-2.1500973216218786,-1.3972760801807096,-3.2055596403623214
-2.1870556215445425,-1.4036151305172129,-3.1805621063817604
-2.322449754079151,-1.3593455945960256,-3.223969800712599
-2.1201166382309875,-1.4852392296656634,-3.039626902522712
-1.1356422635393753,-1.7666150949592356,-2.805033296832771
-0.6887742374493422,-1.8712849776969909,-2.7446495400539384
-1.5385022462747624,-1.630732895232211,-2.9425110353750243
-1.0162445434804854,-1.8452253948067112,-2.6876119371574503
-1.238963850641168,-1.772122594014482,-2.759577769688348
-0.15551931908879932,-1.9999818561218627,-2.665007422657709
-0.5365148878421493,-2.0159911542101123,-2.505990303563426
-0.5413552666873921,-1.8682921901183938,-2.7997747721317823
-0.7886856317919488,-1.8550675444738935,-2.743780608385931
-0.3232725445062203,-1.9338515129754947,-2.741350367144638
-1.6047367862378863,-1.613419159639215,-2.955060326573309
-2.275968998985953,-1.306272141839542,-3.3456102912566323
-1.7435536287435884,-1.4864635181302968,-3.162699328755911
-2.1373288982355776,-1.4145465600491682,-3.1752748217541718
-1.9903960876895321,-1.5069024784424723,-3.0395405884829123
-2.209482624884408,-1.329480046130585,-3.321356607375062
-2.0509942193302653,-1.5013825729822534,-3.0303810221897716
-2.1419317937273346,-1.3224374746461223,-3.3579586940630115
-2.8975720406055494,-1.1234320410236853,-3.504089479015147
-3.9712861256771217,-0.8562445969399998,-3.680559672158661
-3.2311679910556377,-0.9749479243302931,-3.689859062251902
-3.0750025310063496,-1.0798934778035747,-3.5320231086551015
-4.351349097927072,-0.7489622146043545,-3.7684367794133014
-3.5263824912049335,-1.0249644903538626,-3.4914210968216643
-4.231533941353698,-0.7421601227219953,-3.8219793487024774
-5.072386712277894,-0.49016349846176044,-4.0456883402482156
-4.669321021039319,-0.6450151172656468,-3.870340333053301
-5.137254182935928,-0.46014574695264754,-4.084101353047096
-5.305487756253817,-0.4165039353705531,-4.115307118438656
-4.9355915653971865,-0.45891036339374225,-4.153792992677821
-5.003641664989982,-0.38103908913547296,-4.286852174663427
-6.114878464264357,-0.14964144092673506,-4.379235204656112
-5.7423198386044305,-0.1501309606467718,-4.502442373769347
-4.821724631182222,-0.43131996937198486,-4.246929425459657
-5.96707560210117,-0.12116038998743381,-4.4854649272557765
-5.528092210994479,-0.34015042648048477,-4.1938126513052385
-5.521931312380938,-0.260181697212272,-4.355803742712844
-5.216765135771259,-0.4440116838972357,-4.08986582821281
-6.019331849247527,-0.17982568288748307,-4.3507155924068925
-5.279124202252205,-0.40027070286612676,-4.156561434781379
-4.681992808225584,-0.5628170350718155,-4.030512568378875
-5.200567672299174,-0.4422149440570283,-4.0988584623839195
-4.2254578764793616,-0.6448573583118251,-4.018610232480929
-4.6448132491861305,-0.5778202417282474,-4.0128993414124965
-5.395176471169852,-0.3720784275141172,-4.174261895846183
-6.3170069285060455,-0.08746116492376638,-4.43621960191482
-5.840556190310976,-0.09079547628813066,-4.58836789191778
-5.436976054386163,-0.37884806837293156,-4.146789419723117
-4.7153078846739485,-0.5131193331086118,-4.118802946822494
-5.346750330308071,-0.3758760686513821,-4.18280866052558
-6.244665976493153,-0.05504054932211401,-4.525174483789089
-5.4049653221359035,-0.2607569264284655,-4.3936419476954685
-4.686479214631987,-0.5648637479398877,-4.024923673840596
-4.5582076719110844,-0.5174768681002796,-4.16245461442678
-3.847979053863386,-0.8251700826236359,-3.7838110580626334
-3.2497365757797607,-0.9812107207992649,-3.6711439410725837
-3.297503301860117,-1.0157582897256778,-3.5861265611929727
-2.1317988586418557,-1.3263918141889017,-3.3534276600059454
-1.894188688456658,-1.4898573611181898,-3.1056999562091017
-2.7056196682548443,-1.2267183267650255,-3.3615010316493685
-1.8035525685241764,-1.452870883234913,-3.209884951953149
-1.6146168912924168,-1.6283534208814057,-2.9218984357374174
-0.3796281568609834,-1.9319063048201481,-2.7264555793370766
-0.980921102753508,-1.8231808206216564,-2.7434755657698853
-0.8621350046342509,-1.85039068233169,-2.7286512083895706
-0.9933018470921122,-1.799422475482544,-2.7868653412685753
-1.1526967713285674,-1.6890714060335519,-2.9544358387544083
-0.9695166983798151,-1.7433491584732788,-2.9069403581912048
-0.8549782765351323,-1.7643972832588026,-2.9030235825683848
-0.07023949074255478,-2.07841736122698,-2.5365630218962223
-0.6384031704403227,-1.8639151857246863,-2.7761794796682207
-0.16859108115543586,-2.1246713349630646,-2.4112712109530934
-0.7265872890735361,-1.8386501746579471,-2.7973147955906277
-1.2368673820960874,-1.629083204997198,-3.046355370571276
-1.9984662365497905,-1.3979506710953198,-3.2547541535571316
-2.0396375531690856,-1.5159318826970591,-3.00506795814722
-0.7298668179925938,-1.8407398809921847,-2.7920422066158
-1.4671568518729667,-1.624308680199455,-2.9791412635744687
-1.6124293197521784,-1.6649477295941144,-2.8494390088254122
-1.391285118834262,-1.6658545968487886,-2.9213400079553695
-1.5706057906507211,-1.5590974385547185,-3.0750807672713565
-1.7936111770373844,-1.5732951953802068,-2.9723501248248256
-2.0927742227969413,-1.4619321999020798,-3.095355100527894
-1.6197898952350784,-1.641862736079722,-2.8931554706932303
-1.3080216494276633,-1.6499300633998153,-2.980943564655516
-0.7681596097721839,-1.8384485716339651,-2.783860561405709
-1.7604722922224934,-1.533080815306525,-3.0638251799104865
-1.856737067092699,-1.4476653986145973,-3.202567755004273
-2.4568085413200005,-1.2921036258489405,-3.3136674757931526
-2.3951145726518686,-1.2803495479807752,-3.357740287752194
-3.2611127239435924,-1.038668415487404,-3.5524365023083617
-4.171630834335962,-0.7465483876952994,-3.833170521095115
-4.01962907545376,-0.7151719954709156,-3.9465905585046164
-4.095728907028782,-0.7845873906108192,-3.782393157699802
-2.93300862785236,-1.1123071824683544,-3.5145270003768716
-2.8350524729573605,-1.242514073071192,-3.2867652708028627
-2.825312523839272,-1.1357738979479572,-3.503492270755362
-2.465366873727554,-1.3615382015640152,-3.1719455468938187
-1.8072891289258515,-1.4931420670968707,-3.1280970640953427
-2.058502452660208,-1.3697575277498824,-3.2911283682112
-2.0031939998077197,-1.390792912885719,-3.267493748890356
-1.7402200699221586,-1.4964030176221392,-3.143931516046036
-2.6266772761028343,-1.2224768515304354,-3.3962981128358853
-2.1907360347992393,-1.4396447966967376,-3.1072759696044794
-2.6125543890835368,-1.2446559374253112,-3.3566475700525658
-2.4821571382018166,-1.3200493961887032,-3.249326402819688
-3.1743734281879257,-1.1168608693626305,-3.4249646931431315
-3.4888993467853835,-0.89859742538898,-3.756649608224613
-3.5859349086342074,-1.0029385144513827,-3.515622242816866
-2.475851642762821,-1.2366104095998847,-3.4183062078103252
-2.814431339642428,-1.2303967014953785,-3.3178737250594676
-2.4875156777483527,-1.2280438828596822,-3.4315512496288854
-2.5712567147350613,-1.3044086651802256,-3.2509080059922293
-2.589558151873207,-1.323337129696207,-3.2069505979142177
-2.4557106872330405,-1.3596992126247887,-3.178842253603777
-3.157138895337595,-1.1460915790216697,-3.3722481181084962
-3.752875397539968,-0.946765750497099,-3.5723209410901804
-4.125478081469237,-0.6719815757788997,-3.997688395883489
-4.966324637166233,-0.46331653295859276,-4.134736296291771
-5.320828473846734,-0.3866548616872519,-4.169891693274286
-4.64540071663187,-0.5951651814232555,-3.9780136395405665
-4.225952923447557,-0.6591844550238802,-3.9897910234007545
-5.315407159510419,-0.38932558089679314,-4.166357359633975
-4.852915734408745,-0.4797385875652314,-4.139695154664323
-5.689026553810149,-0.184011369673145,-4.452445983981361
-5.737913278158915,-0.24825091175508482,-4.307671325034558
-4.692738808706379,-0.552742873210647,-4.047078891940947
-4.601862840841554,-0.550131196521177,-4.082594234608162
-5.0194251347326375,-0.48319845511593695,-4.077272286121614
-4.444796372853325,-0.6496636110462362,-3.935884894887453
-4.632214455904733,-0.5084620772940094,-4.1558152680414375
-5.425906366299385,-0.33098157596425465,-4.246212300569396
-5.572673281960856,-0.20755231134186744,-4.444148524593681
-5.556470721631825,-0.3253199713262329,-4.21401405806796
-5.611497723454671,-0.1827220480412343,-4.480867570697009
-6.056166030401873,-0.1823778381634602,-4.3333332214701565
-6.324990358615035,-0.07617296681576466,-4.45613485476116
-6.570583158978979,-0.011999047486794623,-4.502618426631118
-5.480708684529432,-0.2190848671319534,-4.451738278823983
-5.915358840369297,-0.22001877934965122,-4.304987069108632
-5.901319953130342,-0.14741550279980525,-4.454873251287976
-5.130584880218846,-0.38709204576913603,-4.232431856319813
-4.5748840353828415,-0.5850743898627122,-4.021700783077996
-5.11025033025615,-0.37875041533463066,-4.255893300509722
-5.007567020273546,-0.43381010241281653,-4.180001696347552
-5.376754088882678,-0.37741812661141855,-4.169723291747304
-5.312445750490395,-0.3179502789508199,-4.310095099865929
-5.871917030689485,-0.21725864937243408,-4.3249879322896705
-5.298465497843986,-0.3610791840372086,-4.228497373908621
-4.452290573744681,-0.6776125263587756,-3.8774889972985895
-3.578766602322727,-0.9794693754735811,-3.564949956209629
-4.01479822196921,-0.7196228246904209,-3.939299184560456
-5.086798031018829,-0.41997757098046484,-4.181256422297161
-5.564996116879891,-0.3234597056802251,-4.214892790943953
-4.858952267428148,-0.5230536802543367,-4.051052791612978
-4.472664739637754,-0.6228964548858023,-3.9801297516135117
-4.566041296193619,-0.5306591364918289,-4.133478869549503
-5.020749310870608,-0.4889780151642418,-4.065271773979014
-5.380358442642851,-0.3722682751535529,-4.1788215434096445
-5.242073280602762,-0.406401359911352,-4.156650427907409
-5.385210264380121,-0.36927306775018504,-4.183194684303957
-5.076293493434712,-0.5094581853789049,-4.00579670602832
-4.388697751726567,-0.6505659041881539,-3.9527798489792043
-5.28398107759568,-0.3213125505620149,-4.312858780941777
-5.532985969404935,-0.30540374262143566,-4.26167476621985
-5.060988371294518,-0.46726076998888005,-4.095293244188435
-4.559014094964922,-0.5307504191832478,-4.135638704576231
-3.790115133584822,-0.8278857507970852,-3.797667695141923
-3.803278639851243,-0.897142998259891,-3.654765364794171
-3.649465341108688,-0.9450006381097477,-3.6103211846753096
-4.139526496389263,-0.8149262720736767,-3.7071161983205934
-2.7560624195155836,-1.139548863739433,-3.519025707280307
-3.1210013077785344,-1.1610464086994905,-3.3543843212725415
-3.0569509113179167,-1.0777025024593447,-3.542422265906372
-2.076603242596758,-1.3550741923267133,-3.314461442412021
-3.1559760634576906,-1.0463323511059313,-3.572154184566608
-2.550625124469934,-1.2139848015883552,-3.4386329299310123
-2.2242451113049015,-1.4551768866411539,-3.065042097547093
-2.789139890787341,-1.190319483003253,-3.406458644995414
-2.9191367294778874,-1.1554308010983159,-3.4329037292417732
-1.948804466742531,-1.3863141281475606,-3.2945811627217356
-2.328272768103352,-1.3011793982608872,-3.338361188708142
-1.867701075929741,-1.5657753573250515,-2.962693167971018
-1.3648248726531158,-1.6648656882224049,-2.932137907268519
-1.2714842304609884,-1.739513006597298,-2.8139568179161087
-1.2349550602419277,-1.7232056576439156,-2.8587479058958936
-1.697888795036613,-1.62638453239877,-2.898078911454623
-0.965986420876718,-1.7536541252568603,-2.887507183791741
-1.0364500066318938,-1.7722490375014381,-2.8268294973841934
-0.016673377962665995,-2.104149597973618,-2.5029539193295762
-0.07639164575229324,-2.025045846442501,-2.641255333128601
-0.43356886626714164,-2.059394149711757,-2.453499653085139
-0.9943265185463135,-1.8186076817677284,-2.7481533715468065
-1.7757999077857538,-1.5970505849176018,-2.9307764355005794
-1.8795395495442966,-1.5486258576989484,-2.993046009351705
-2.525232230583152,-1.3263135023942698,-3.2224398262814438
-3.0822366074205716,-1.0118933165924517,-3.665612072272607
-4.278069406398729,-0.7446351642902745,-3.801517443884242
-4.25931009566678,-0.7800416537018269,-3.7369575686384535
-4.522921883649785,-0.5359064650296848,-4.137357349988402
-4.711006782379341,-0.4753981964561175,-4.195678920892353
-4.336182272886177,-0.7367947827569999,-3.7978272514549754
-4.632649574114298,-0.5573803575404619,-4.057833668145345
-5.267141315112684,-0.3799866831467857,-4.201123769933234
-6.2905872455621585,-0.06011388658261016,-4.499720719578427
-5.731131595467789,-0.2764848276193259,-4.2534640542031195
-4.943901983239217,-0.4704852616973905,-4.127873056789847
-5.580543865917365,-0.3151707337122844,-4.226288151867344
-4.904116550790244,-0.5037759355269095,-4.074553519947134
-3.9631918406047246,-0.8093462709066104,-3.7770544192495716
-4.238608787908863,-0.7637555128416837,-3.7764302862780457
-3.927671718955645,-0.753905467305626,-3.899776067001234
-4.522618096177243,-0.5543153172689274,-4.1006409080007655
-4.796310598140551,-0.5148740653139559,-4.088292577922939
-3.7908685408964193,-0.7872734132483035,-3.8786412344689545
-3.292701682329607,-0.9685788220298763,-3.682086036428079
-3.5601190774758247,-0.9392618552587073,-3.6515808382550112
-4.052507927924383,-0.8070880135173208,-3.751798904921598
-4.218108252916922,-0.6393638490603403,-4.032047125504713
-5.263422406048325,-0.31127553730300095,-4.339785697975591
-6.00762526492491,-0.15702524386666578,-4.400218665222733
-4.671284296835086,-0.489689670453823,-4.180336801411692
-4.850593036692495,-0.41938098501077764,-4.261184592345314
-5.581262176939887,-0.18893614344572984,-4.478517895392946
-5.166292328080631,-0.4623658304515074,-4.069981804334476
-4.101708640108851,-0.7915918723948633,-3.766390949771691
-3.3634801386820543,-0.9618638088313158,-3.671923244041051
-3.768749149825824,-0.808295756306943,-3.84396967870854
-3.978753919381843,-0.7948764523050449,-3.80080669686033
-3.6852794715450434,-0.8972164100491712,-3.6939515973176773
-3.4630672231221467,-0.9279575527431928,-3.7065400614039326
-3.096100706294369,-1.0145165032244905,-3.655744332717264
-3.0661390758201583,-1.0144635745933066,-3.665837400137701
-4.064085029008163,-0.8404988227959566,-3.6811182526697332
-2.9850240197770215,-1.0779521244351746,-3.565898652468344
-3.4840622003036588,-0.9228339877988008,-3.709788865565546
-3.988769135370575,-0.7435843089403295,-3.900052578260184
-3.5129950082315267,-0.9705557014216195,-3.6047011690106197
-3.516825407093222,-0.9764059185774029,-3.591723935078487
-4.134130185766793,-0.677890850383136,-3.982985811909165
-4.161080784757316,-0.7202899188256984,-3.8892041420271983
-3.2601312783897267,-0.9684756926948329,-3.6931490964114597
-3.3471724046515154,-0.979020136769383,-3.6430464995084297
-4.199308452653598,-0.7292367406819897,-3.8585679423491883
-4.350362591931482,-0.6889603017184263,-3.8887694405170214
-3.3529279168150854,-0.984045458824987,-3.631077351342699
-3.951197424596291,-0.7373863487705604,-3.924972402191149
-3.741160112196202,-0.889707618015504,-3.690342301167959
-3.586257367052654,-0.9696787205322726,-3.5820343445156047
-3.9180865502205995,-0.7924667842554872,-3.8258484893465265
-3.442193833143113,-0.9682845390014411,-3.632843885547114
-3.582123459107862,-0.9722991290377591,-3.5781714968195617
-3.1655990651257433,-1.1427058044286973,-3.376199610698392
-3.1974453767056956,-1.1157638594024615,-3.419468063557546
-2.3410567649962877,-1.3449098344121933,-3.246638984107885
-1.3377341393034012,-1.607654646611919,-3.055590234939395
-1.231768253682332,-1.6721512128614535,-2.9619190643140163
-2.094928946590743,-1.4398228448904071,-3.1388555692866387
-1.5256538665904185,-1.5498426373690113,-3.108574344329539
-1.0348436271518024,-1.7797144000851017,-2.8124342320435636
-2.1307892607896086,-1.4727707310371694,-3.061006358926826
-1.4187247150286786,-1.5662338972719412,-3.111434875044259
-2.1586011891312635,-1.3470514271486893,-3.3031743239232347
-2.489944713524651,-1.2442754552054813,-3.3982784263451875
-3.019985831481283,-1.029432817151196,-3.6512833298015477
-4.240911887355355,-0.729365828076818,-3.8444419559922793
-4.132736792502458,-0.721497009808349,-3.8962379574801838
-3.090658279181043,-1.010546871748628,-3.6654977380400977
-3.0667069596721497,-1.040509232599939,-3.613556789507106
-2.8986676929125914,-1.154021289120365,-3.4425457653861065
-3.2603700026288434,-0.95004983761117,-3.729921231832413
-4.0415642474830396,-0.7292274301937196,-3.911167965049249
-4.630704135043214,-0.5087445174109615,-4.155753828094706
-4.142840477932557,-0.7317441948197335,-3.8723756923140478
-4.155142855620666,-0.6583881444911079,-4.014987000408596
-3.7638275503675693,-0.8810603485640992,-3.700081027346979
-3.582040363546067,-1.0027073488427691,-3.5173827557301403
-3.5776096540113804,-0.9791578573177253,-3.565958641958457
-4.011142204768233,-0.8671378993910444,-3.645487707559535
-4.261292545465837,-0.6159077940831277,-4.064564471276166
-5.254787225361496,-0.373377895392164,-4.21845937535954
-4.240263162540959,-0.6496344744719704,-4.004120904806774
-4.692527387633285,-0.5316015071196204,-4.089432097814031
-4.902481977394365,-0.538719851889804,-4.005210545019971
-5.136927598303424,-0.41614171615564105,-4.172218276185277
-4.571822022133674,-0.6088781724528753,-3.9751138889807254
-5.434656190905776,-0.3277063175145292,-4.249846209266717
-5.013265459181647,-0.5071517712920727,-4.031418878953007
-5.495710047837842,-0.3084530226136851,-4.268001513424384
-5.916804963287973,-0.11774462410248712,-4.5090533386300695
-5.104646633530505,-0.41478745396469563,-4.185687122158141
-3.9839806121251335,-0.7385539983105266,-3.9117093739349365
-3.120132689124467,-1.0653412533318,-3.5460841715592775
-3.4433248941775094,-1.0192653177539512,-3.530505307697295
-4.156222905858151,-0.6960332259318119,-3.93933682078136
-3.667803069817603,-0.9350155640815185,-3.6241787564954624
-3.9017760762058664,-0.8793351725185278,-3.6575485374920227
-4.169454527437076,-0.7536627050054938,-3.8196673221076876
-4.250642704198889,-0.6689316718566944,-3.9620666628180157
