Al,O,Y
-14.727070076999999,-6.13627919875,-24.545116795
0,1.0,1.0,-6.190207321666666,OY
0,3.0,2.0,-19.854600387083337,O3Y2
0,2.0,1.0,-9.380227216666665,O2Y
0,3.0,1.0,-8.084369036666665,O3Y
3.0,0,5.0,-2.365138663333333,Al3Y5
1.0,0,3.0,-0.7401250099999999,AlY3
1.0,0,2.0,-0.944105570833333,AlY2
1.0,0,1.0,-0.836693696666666,AlY
2.0,0,3.0,-1.7726330675000028,Al2Y3
2.0,0,1.0,-1.593996606666666,Al2Y
1.0,0,4.0,2.309083938333334,AlY4
3.0,0,1.0,-1.7514805266666649,Al3Y
1.0,3.0,0,-6.350939445000002,AlO3
2.0,1.0,0,-5.160377423333334,Al2O
2.0,3.0,0,-17.132755040000003,Al2O3
38.0,21.0,0,-109.36164133500006,Al38O21
1.0,2.0,0,-8.013698094999999,AlO2
5.0,8.0,0,-42.009497950000004,Al5O8
8.0,3.0,0,-15.286556609999998,Al8O3
11.0,18.0,0,-90.81797868000004,Al11O18
1.0,1.0,0,-3.104231275,AlO
1.0,3.0,1.0,-18.603810964166666,AlO3Y
5.0,12.0,3.0,-73.635350385,Al5O12Y3
1.0,6.0,3.0,-38.36704747500001,AlO6Y3
3.0,6.0,1.0,-35.12928624166667,Al3O6Y
2.0,9.0,4.0,-57.075227824166674,Al2O9Y4
sample
-5.696948929546243,-1.9732726710462594,-7.051033756282663
-6.378497736184056,-1.5672867915243012,-7.645140068596033
-6.972035837541383,-1.143100848684838,-8.352653671025008
-7.868625061829155,-0.5465044613724317,-9.244723846461678
-7.495764222244853,-0.7873406430608503,-8.902813852348508
-7.2992953106751335,-0.8818448279896742,-8.852245298582746
-6.950571411914615,-1.139769490214654,-8.401753147617026
-6.582692466197969,-1.3433237103969968,-8.200667843082064
-6.343582865048477,-1.5180118200719404,-7.900431406298111
-6.7775850947348975,-1.205403682109791,-8.42752690866934
-7.4204186169979405,-0.7682587077872152,-9.1047176021879
-7.573315443373267,-0.7864643760804539,-8.77706688505607
-7.041151914009666,-1.1521377454779782,-8.201312623071976
-7.735315235130426,-0.6467189325166357,-9.066049006382745
-7.256722221373478,-0.9009527847773513,-8.84676862026813
-7.03399404818194,-1.0849360178834944,-8.482049309829454
-7.280941738771219,-0.8822974676089486,-8.881024026612172
-7.436549867228261,-0.8773676640711973,-8.64139636000144
-7.56775338220461,-0.7284751867394189,-9.018293744367972
-7.29141927889803,-0.939384539798464,-8.635213170976094
-6.686242072344391,-1.376057402496562,-7.897150397773098
-6.782404939836257,-1.3075759404294816,-8.010804800221646
-6.135356789779683,-1.6914620843045391,-7.5536738081490356
-7.005067594413337,-1.11938186923363,-8.392476660709917
-7.026010325976797,-1.1555058878048803,-8.213076033819148
-6.746314532420161,-1.2726796938060239,-8.2105404657423
-7.196606824718054,-0.9172905115061327,-8.881610041112042
-7.146195780889531,-0.9671700827267937,-8.766110162610271
-7.716893930036547,-0.6681177782570187,-9.011155798577677
-7.944264940099171,-0.5275621174051022,-9.194426758547639
-7.75619413821027,-0.6425844767541004,-9.047788657633149
-8.249893285442703,-0.27015872705472754,-9.714659744376585
-8.411538344781203,-0.2018533209740515,-9.718472936468455
-7.96254703856464,-0.4365427815224445,-9.528033937969152
-7.6447875833220715,-0.746306038628136,-8.818580001617336
-6.908222433261449,-1.2093875690934317,-8.193862463190523
-5.971361600194329,-1.764154592223397,-7.5362290924491955
-5.400356042546311,-2.119605255598773,-7.066102368361054
-6.038803837404796,-1.779751265208224,-7.361438671825777
-6.021504597543843,-1.713105546522108,-7.656853613005162
-6.153861863635728,-1.658650980979201,-7.6540764316903145
-5.379364809608645,-2.1534370260833033,-6.965760674652376
-6.295210938011982,-1.5589747049365517,-7.817199745233823
-7.0138978248756265,-1.116540959660639,-8.389123248231398
-6.609231702644971,-1.3422392479167784,-8.160773632257932
-6.591344970254833,-1.3753438046446738,-8.05816662599658
-6.8178642073185385,-1.2151324765709182,-8.32147987651876
-6.916272393737972,-1.2223151970140769,-8.128735350713738
-6.29671777957112,-1.621722606721791,-7.563696735494303
-7.240838871966689,-1.0115425787547854,-8.430881693369708
-7.5715604190697485,-0.6765123643720793,-9.219799972395434
-8.497005508807199,-0.16355344215828757,-9.729227178354849
-8.542800082482074,-0.07588412849019878,-10.003580143569081
-8.14290007762472,-0.29258135962350806,-9.803291227131432
-7.40425838439283,-0.7949835708582653,-9.02475187091222
-8.388412242802705,-0.2170049353472722,-9.69640998227307
-8.397669818584232,-0.19261302037109668,-9.778548349208558
-8.46040878421367,-0.18568294249766024,-9.701703717986577
-7.969965730581935,-0.5224966374694379,-9.171854027485688
-7.862842214116663,-0.5170846715178694,-9.372041085400749
-8.181548187038965,-0.31411920533194887,-9.652726328607258
-7.877669782707438,-0.46165411701814574,-9.569050689081687
-7.304784209179562,-0.9124014290695424,-8.720870730089226
-7.3624986833129675,-0.8164432885638266,-9.008512501889745
-6.9902542018430855,-1.1312060988846557,-8.3698687297229
-6.434239273037075,-1.5546804219705244,-7.6026629853894425
-6.658061407928042,-1.396421524232641,-7.862661684856032
-7.347065113494158,-0.9329931227567199,-8.568035781482855
-7.11996029678842,-1.0429579510672744,-8.506684496083535
-6.410369461885002,-1.4795961017498305,-7.942783284859005
-5.968966457641507,-1.8517270491235767,-7.18993116910318
-6.576361942915872,-1.4368641596097642,-7.837056918367821
-5.842088912290135,-1.9252439879511878,-7.107325989378356
-4.9691591220416536,-2.409955537275724,-6.62336277582768
-4.954329995679133,-2.5171328235280903,-6.219368841422416
-5.313815953301633,-2.286050983186187,-6.544552940085862
-4.78776303934813,-2.553488272876534,-6.351558637913644
-4.5168449599711815,-2.703926980582004,-6.201333939386679
-4.704089057320092,-2.7077331022466975,-5.874035957146387
-5.3636949512334455,-2.2424350829931337,-6.635884877638387
-5.085562946912774,-2.3370243648767284,-6.721081090638464
-4.648767112588146,-2.6140515518301166,-6.340965400032621
-5.404087850448547,-2.1800002939744103,-6.818302535021446
-4.834574037751163,-2.586650658063031,-6.140890766495937
-4.513786982219333,-2.702408766335918,-6.212503425957436
-4.231455093118895,-2.929999175229144,-5.772694938885264
-3.749587348340606,-3.2204255511245234,-5.414102343267563
-4.064593512243371,-3.0988640413820137,-5.375338109066326
-3.537718686166189,-3.473059317447814,-4.7566817149317595
-4.1941396883935,-2.9716815524194113,-5.668157771333186
-4.598777150242172,-2.655433024068057,-6.258756114990819
-4.859852285190277,-2.577899574727046,-6.133764687441353
-5.270621908539924,-2.2343546807646635,-6.823328224374803
-4.599652830277061,-2.738499118669222,-5.925032269861344
-4.754644700548159,-2.5417112965752477,-6.453863774452075
-4.877765747325114,-2.5716746535862076,-6.128808601779976
-4.3304822180209,-2.84228557340878,-5.958504137996713
-5.103804474226565,-2.39576570109976,-6.455713200223349
-4.15696344955719,-2.9957756125089476,-5.633741929035556
-4.2650871133098915,-2.9408177842447327,-5.673367135837913
-3.8451894396799915,-3.276819897737966,-5.029188137914813
-4.437634070353336,-2.8174685549339658,-5.879185791341908
-3.895810908092568,-3.150389942781561,-5.450538843719475
-3.1856456350371642,-3.5879683203953583,-4.883834121689959
-3.679382991620129,-3.3462008906329745,-5.028008246434553
-4.05858243858103,-3.0966918265184407,-5.394045424624521
-3.4727128224273804,-3.4476590126921107,-4.966626040185922
-3.1699075691712904,-3.72450362548212,-4.363923011119367
-3.0040555020375255,-3.787401079916246,-4.388753305272471
-2.7197697494239956,-3.923861560642173,-4.31672097005798
-2.020517282459201,-4.413275292824805,-3.5244868196021115
-2.6060004442945077,-3.978741631076478,-4.286816196869906
-2.0366857248711034,-4.447913658311444,-3.358985953635717
-2.2289594731727047,-4.296486102189378,-3.6442399309546487
-2.388403966737057,-4.1731482912341376,-3.8718503521683534
-1.689115360228279,-4.707767153134888,-2.8988559154133133
-2.0907257603082576,-4.377365852908742,-3.5511104495179335
-1.9154428791092208,-4.5458451185044435,-3.169331522466854
-1.050977949436713,-5.110784651661596,-2.3503482726257623
-0.7615007108037424,-5.286096795454406,-2.131561761842805
-0.6401149186337506,-5.337802010688373,-2.12705055452359
-0.9044861914064806,-5.200200606786784,-2.236837382175396
-0.12336859533074286,-5.650457153003065,-1.737673857436504
-0.2008389321525285,-5.604025960374214,-1.7942813999155942
-0.7360718465215471,-5.247888955125679,-2.3267745636280415
-1.243069737732844,-4.922535833312445,-2.7831905655288107
-2.249036986668549,-4.345570977785686,-3.4144379060763423
-1.5686434170415446,-4.774785773493385,-2.831568005957217
-1.536443981196845,-4.697260027976906,-3.195336714430963
-2.129668867893845,-4.355439567723747,-3.573910410948603
-1.6156855534951704,-4.667452813799908,-3.182496283975081
-2.480806600666036,-4.109216452219511,-3.9735733183452266
-2.2262252489199565,-4.322824013731133,-3.543445325208871
-2.1256790663449183,-4.34615308342568,-3.6177060173890805
-2.870354900190559,-3.875329235425463,-4.259875019647216
-2.9681174431766566,-3.7348319885113836,-4.658926435660037
-3.9338703872176244,-3.1580063788073502,-5.3566406344078885
-3.8060157517134585,-3.213899628463884,-5.3461586949553626
-3.4676189883435815,-3.4448160686175266,-4.986487539957258
-3.403562340558182,-3.547999555368366,-4.680514672596232
-3.458447669441496,-3.5185601180859707,-4.706796873586956
-3.3842276005732446,-3.5144298832863683,-4.847017927565785
-4.208719751267803,-2.9819278114881564,-5.602872630267702
-4.359144678758005,-2.808851447800126,-6.044469872536152
-5.071213115432616,-2.3416243851630307,-6.726597395293515
-4.328236790261822,-2.8756002598190924,-5.828987771953928
-5.01336976835117,-2.405925083447219,-6.565800180625837
-4.708564187145792,-2.653280120560123,-6.084389334183187
-4.264303169302742,-2.87590627754648,-5.934319735976174
-4.749141517461154,-2.5619422070256737,-6.382112104462046
-4.164549019230559,-2.945523640618084,-5.82210720047673
-3.5522375146332634,-3.4449033334629395,-4.845107603426135
-4.221146625520932,-2.948413275860204,-5.71621931569096
-3.625952944747233,-3.3281061993271286,-5.189437089779428
-2.714679218173585,-3.9282153485966984,-4.307790036990565
-2.9736550492386904,-3.7448872905403365,-4.6094758841075025
-3.5910654334697707,-3.351003812761266,-5.155992488171983
-3.788919735292691,-3.315775557758604,-4.967148338477763
-3.553233649920671,-3.463827256729089,-4.767751684882525
-3.5715072446102667,-3.352459493388706,-5.18276674709473
-3.7738031990368057,-3.216614395204104,-5.388987215788907
-3.939490975083434,-3.174855755380742,-5.279875481671307
-3.7079742319424023,-3.2495800056719095,-5.366839719075023
-4.218266605735262,-2.929428447613248,-5.7969586616549025
-4.969627641926919,-2.466910505224317,-6.394762037557864
-5.109504662979304,-2.3046659042243025,-6.810612073137283
-4.728846429291232,-2.6509056686847883,-6.060083404775458
-4.939092545533042,-2.4411882842942534,-6.54854274860125
-5.692059864380954,-1.9613321156705734,-7.213021891682781
-6.198750112349719,-1.644979317853101,-7.6339493363380635
-7.047732247799481,-1.0322885624569145,-8.669742132173203
-6.4322278316214385,-1.4635548186776235,-7.9705178009204385
-7.169471727520459,-1.0166267492484138,-8.529490252138912
-6.767955274479763,-1.271203154068021,-8.18037872126164
-7.69571691514723,-0.7021649262851555,-8.91026223128066
-8.051947671651284,-0.44685922955017926,-9.33776709071381
-7.675207548738405,-0.6898374032504102,-8.99375460076768
-8.159351809463077,-0.3688181102718934,-9.470924671473965
-8.44265729062824,-0.1839800022930972,-9.73810130144721
-7.608089100742943,-0.7620393903664726,-8.816810732295867
-7.4817800388549855,-0.792439653511334,-8.90572478286302
-8.27851858233989,-0.2013728397551385,-9.94209446541296
-7.4120298653627446,-0.800388921392977,-8.990178000490184
-7.354584311660792,-0.8799096035283785,-8.76783786145183
-6.963169977921468,-1.1105442938399361,-8.497656323104472
-7.050332890433166,-1.064066940620509,-8.53829421512935
-6.578119208747561,-1.328897991155481,-8.265992815798807
-6.7738143993797495,-1.222921674348744,-8.363739431972105
-6.765042433694053,-1.277241008571436,-8.16108203789083
-5.921422717001643,-1.7822812566510382,-7.546953906726439
-5.600392417249792,-2.0322165077525556,-7.08226340190679
-5.9918570856839475,-1.7372385066000657,-7.609734292459823
-6.1029344631128435,-1.774275969330618,-7.276455479156122
-6.929419426141055,-1.1975372682879375,-8.20593534494649
-6.592940309681632,-1.3172793734399824,-8.287765451770682
-6.395086557677567,-1.5145804430323664,-7.828317426741252
-6.2960922631196015,-1.5927391282741232,-7.680673176704169
-7.07508014551898,-1.0532668599995247,-8.540249112470267
-6.155004434594833,-1.6278120737159287,-7.775527775811563
-5.599532765023409,-2.0422590369563483,-7.043526038802256
-4.979122345780632,-2.4541114221535474,-6.430133863418088
-5.83512860935103,-1.9361082258823235,-7.07546954255232
-6.200515032232429,-1.6362908959345681,-7.665761490874344
-6.759997765013182,-1.326232480405499,-7.973523931689367
-7.472061927100009,-0.7398961030060608,-9.132095837809073
-7.855303379569297,-0.49727653839088803,-9.463838342154284
-8.118514923546858,-0.40719553000715014,-9.385476469059967
-8.717121528659078,-0.008948231136356352,-9.980787989356108
-7.805559110560838,-0.5825496031607996,-9.205653198088736
-7.399489557901456,-0.8662498431505319,-8.747634825895444
-6.540272600049529,-1.4783096551594122,-7.731423840946467
-7.236851705136373,-0.9705846884933627,-8.601358532465927
-7.539053042396904,-0.8030351276866444,-8.76788788025858
-7.661492326185231,-0.736314839448842,-8.830703560229246
-8.519160526597393,-0.13667183688602735,-9.799828569793567
-8.26496929394236,-0.24392137754611265,-9.794482461578282
-8.595822591391673,-0.045379189895065127,-10.03722904976695
-7.891186629007584,-0.5655282088648831,-9.131026244527828
-7.46445240539171,-0.8357540426354051,-8.761346615472196
-6.566944812527862,-1.4283332960772879,-7.886875589811076
-6.536658652103999,-1.471072773550547,-7.766394613957812
-6.522933589735357,-1.4435050373976577,-7.899540662517106
-6.511071429236289,-1.4520380831123771,-7.885178747156677
-6.824451363977942,-1.2241443089557085,-8.274453952547262
-7.528140385442467,-0.7096881172709987,-9.159463683511891
-6.785527979232954,-1.319420854693347,-7.95822007750502
-6.879503161283002,-1.1960278827481228,-8.29516666186917
-7.125800080600196,-1.0630243648606656,-8.416685867890344
-6.379510536962273,-1.5763326001052411,-7.607268832975248
-5.488427132559251,-2.1160784141462963,-6.933424584149396
-5.999904936592404,-1.7363278167019618,-7.599963967204811
-5.735381420970377,-1.8998159458116315,-7.386883976802845
-5.3488607691123295,-2.2445068749663792,-6.652321346613935
-4.618251051885351,-2.6583308097158316,-6.214708469661087
-4.998878443850786,-2.4756277170724448,-6.3111418536255774
-4.495205005363511,-2.733939365130803,-6.11735099220427
-4.9432695625104195,-2.438923070089329,-6.55064191045865
-5.748444705131704,-1.9337896365250637,-7.2292170736802355
-5.662228957854094,-2.009797586540772,-7.068878185746754
-6.397052088959861,-1.52716283684214,-7.77471196603167
-5.669451147733713,-2.041271878770849,-6.930944033693748
-5.098797386984849,-2.390658056346524,-6.4844889246391535
-5.517643536418943,-2.0907482879124517,-6.986051082651954
-4.822556649993133,-2.6248995219167766,-6.007924290677672
-4.189509793583148,-3.0385345730154563,-5.408462180299592
-3.519027007666354,-3.457497833958792,-4.850080446387576
-3.8770352707045497,-3.175732929023266,-5.3804596277326855
-4.403233641058263,-2.894899066920315,-5.626797792221634
-3.8847792421838045,-3.1973742248370565,-5.2809878253454325
-3.143519142122211,-3.6950934035297767,-4.5255446106772075
-3.056766582458598,-3.762792191175265,-4.399337059534609
-2.4973039445929834,-4.0894215277955075,-4.025257442829662
-2.565122428485025,-4.045516267376697,-4.08784767801817
-1.8383245696523143,-4.621160743593239,-2.996599537873185
-2.54616198428215,-4.029799035964865,-4.182317344003621
-2.1149119766244757,-4.33797148438032,-3.668377563104592
-1.502030393153944,-4.773850850304454,-2.9463294051922753
-1.797030373146583,-4.625998131655269,-3.0460736464679523
-1.6241847417223332,-4.7523055741706015,-2.82891992878037
-1.4449850935875044,-4.752410487587702,-3.1271663553366826
-1.6404977739152315,-4.684478211690708,-3.0730409917117796
-2.597547507133357,-4.094032457958222,-3.839741117944848
-2.9171157452172087,-3.829328348120865,-4.365943827154524
-2.078006694057895,-4.3875893144769,-3.531415046995908
-1.301350661329825,-4.939466056516236,-2.6183348000520126
-0.7507829395926269,-5.247487437654386,-2.3038621450614096
-1.3376838879670079,-4.910561216820388,-2.673398781106767
-1.0689789123246423,-5.022170407585683,-2.674803644116197
-1.979238916343854,-4.44747342760024,-3.456491557359282
-2.5372429172501216,-4.116776018199711,-3.8492745267842836
-2.741361413055204,-4.00591116822285,-3.952536433683258
-2.2885001782815326,-4.210794140368941,-3.887773269721679
-2.045276173848152,-4.442849388930288,-3.364925616198592
-1.696582997715306,-4.5966789760953395,-3.3307625610931297
-2.5592879724996296,-4.10318406032336,-3.866900599540511
-1.7153223065966374,-4.69344700138509,-2.912458278465242
-1.2058672043514282,-5.020262730235118,-2.4542872001404774
-2.09313849012801,-4.445487495444314,-3.274602663009394
-2.4373151179787973,-4.1566512241375655,-3.8563200351517395
-2.3176361469631455,-4.181843004187076,-3.955017866646451
-1.4494566019141684,-4.756280399146551,-3.1042341952235137
-0.6732137393402822,-5.323437039699557,-2.129345737301301
-1.6047567733882218,-4.764009584991961,-2.8144838327184507
-1.1286189256927044,-5.0239799979532815,-2.5681652603657
-1.5566312728093075,-4.804376394748038,-2.7332257613256674
-0.8865773264472441,-5.2215958559840745,-2.1811044936516275
-0.6856077328324792,-5.287637478517467,-2.2518873262093324
-1.0259342075846483,-5.1628562725086455,-2.1838013589910013
-0.3281971277154554,-5.5301247113594565,-1.8776227367030782
-0.3399384356366642,-5.5608467869256,-1.735165587903156
-0.056758370450858985,-5.716793622066261,-1.5833450226501928
-0.3741473965521688,-5.55353278523821,-1.707406659793545
-1.0521975591372752,-5.017836451959558,-2.720108388599642
-1.7008698775525481,-4.657692918890599,-3.079561990183354
-2.278182160872692,-4.26777591876042,-3.677042851837163
-2.589537374314139,-4.078592292895536,-3.9148519995609576
-2.2186842353386296,-4.335103597495686,-3.5068953461195385
-2.4222254059732036,-4.103547291496065,-4.0938852857270644
-3.263115883395734,-3.653865678199593,-4.491127609875405
-2.7655748785679863,-3.9093958474505466,-4.2982419409178325
-3.1697933440055692,-3.651009426126966,-4.658090183816186
-2.5069358169685296,-4.047567048115805,-4.176622240922565
-2.118526076480801,-4.400066366399939,-3.4139745352655755
-2.41426739602203,-4.154997826840474,-3.90134649426805
-2.6939714081475956,-3.945696189239935,-4.272379691127598
-1.8461031015388247,-4.513078488231083,-3.4159643395109565
-2.56665023295027,-4.086240396825981,-3.9224048194456245
-2.7771436510587435,-3.912257095879226,-4.26751565971852
-3.1942635740895087,-3.5870783071884276,-4.873030942763772
-2.488351538289169,-4.105896332298304,-3.9742789019914992
-1.6013287321231868,-4.679348118705048,-3.158843099974499
-1.8932051160680778,-4.511218885282273,-3.344899393757442
-1.9913092873026947,-4.407510730925976,-3.5962250591249356
-1.848606259708237,-4.501761509034634,-3.4570603260143975
-1.85613614825933,-4.566170909835549,-3.1868729085589194
-2.38962188729538,-4.129905932573703,-4.042789919212887
-2.8580482474732682,-3.855328268674451,-4.360389974513414
-2.0347183368124875,-4.435939431338844,-3.4101618416238084
-2.7704098804713895,-3.885439193995026,-4.386010218234244
-2.0265142715836464,-4.413809718452362,-3.5123541352178056
-2.243924833003493,-4.266759478120993,-3.73820416084354
-2.0683904967343123,-4.424923589704019,-3.3981049416267375
-2.533727537692107,-4.072106017840216,-4.033813494152289
-2.850787663138602,-3.8790183134835847,-4.27773076916799
-2.30133005380556,-4.253232366970929,-3.696637237440348
-1.6011224531416746,-4.771559338999072,-2.7903420171009183
-2.1278491510777164,-4.412852393675027,-3.347291968503698
-1.8667096967202519,-4.50484051176365,-3.414571920078311
-2.6221328550521146,-4.018501469211123,-4.100889493068649
-2.247953450619381,-4.3179551820676005,-3.5267069823639625
-2.4252723388764563,-4.183197196904673,-3.7702074425872123
-1.922947439381008,-4.488283441718882,-3.3870706291561237
-1.3752471955412744,-4.819307876083093,-2.975806631432165
-2.085327578763766,-4.421850372206258,-3.3821693415686904
-1.7502805757312276,-4.664669133702329,-2.9693059673053037
-1.943485525602404,-4.481572574246443,-3.3796839553435536
-1.8553530206482476,-4.5328797140581525,-3.321342904353645
-2.408056357023258,-4.213129942460709,-3.679169763451735
-1.7782823084788553,-4.570892535623446,-3.2977428050414566
-1.5863386232360037,-4.692049324111557,-3.13302179316043
-1.538709478494804,-4.728042185488642,-3.0684322555540913
-1.0108315012078826,-5.152663692660894,-2.249742855676616
-0.5254247356975519,-5.410637780720064,-2.0268577792904883
-0.34954783859757704,-5.61335920111313,-1.5091002595515195
-0.16739269499799644,-5.64575641706244,-1.6831033017535761
-1.0038659670272905,-5.105611397422433,-2.4495612602647823
-1.549933865521612,-4.738007552401125,-3.00986347619281
-1.488889600512851,-4.811956936599897,-2.8158063810789944
-1.3615480956348802,-4.858900425995729,-2.840268264958951
-1.2293197201606638,-4.928149171394229,-2.7836539091553107
-0.7979801375684262,-5.25753471474676,-2.1850110400655787
-0.6926807824928114,-5.281588744146132,-2.264293847594117
-1.288548019648254,-4.890152325493787,-2.83692746027776
-1.4783756348798476,-4.766034780261075,-3.0170182824892886
-1.5930244123039898,-4.654769430114201,-3.2709983873698767
-2.63278740318569,-4.0484602708848465,-3.963296706151128
-3.1775958802280058,-3.65832001944046,-4.615843583524815
-3.654628340968819,-3.3810728738307816,-4.929778064728841
-3.9335926507636607,-3.16253385534558,-5.33899362234491
-3.771610144315379,-3.211992879862501,-5.411128368357695
-3.0148177927812387,-3.754047283386959,-4.504231340150096
-2.78292907248089,-3.886189593840731,-4.3621432988355915
-3.1666791744690155,-3.7262641871129456,-4.362261422433187
-2.290646884836616,-4.207979545950843,-3.895453803135601
-1.72496993716062,-4.658273037556138,-3.037074749507746
-2.308858299747521,-4.245313632037877,-3.7157651006026224
-1.819911292926435,-4.549027718004257,-3.3158204347722458
-2.5186690059971593,-4.114492548854303,-3.8893649229208536
-1.9858474875903018,-4.391293959800777,-3.6701951431463873
-1.4520230657386435,-4.776694092653516,-3.0183019814881953
-2.046986606534688,-4.393781772269324,-3.5583453616982235
-2.841286849726021,-3.9085032539782913,-4.175625696210131
-2.551599199004819,-4.052567039935837,-4.082183303581952
-3.3342250617710705,-3.5023237300475287,-4.978780105191433
-3.585818792194917,-3.4290092180830944,-4.852715269009424
-2.872848094980539,-3.7961233541419017,-4.572543220131494
-2.663763094101225,-4.007624973706524,-4.075011743338528
-2.342245334818112,-4.229638077984644,-3.722822258364568
-1.9839061175764423,-4.445727522841797,-3.4556965076720747
-2.161531946844817,-4.366305748311347,-3.477340557013248
-2.1917543098132266,-4.374856916014505,-3.3927652812532654
-2.1918088365178323,-4.384858615213233,-3.3526676066173438
-2.352757197577536,-4.271170827392818,-3.539171489466166
-2.6818013010034822,-4.009765485191587,-4.036386019227845
-1.8853223793457747,-4.4784935550788365,-3.488938609108362
-2.3472480607438793,-4.214148997972126,-3.7764407018716937
-2.612483831968506,-3.997995591665404,-4.198994708390869
-3.4140551648401787,-3.503218703362008,-4.842150040151666
-2.8661110233948177,-3.883474473241106,-4.234367196377547
-2.225375233158998,-4.352901280402863,-3.4245529514568815
-2.078897965245569,-4.390832070827289,-3.5169585696148937
-1.9141505752045218,-4.455395793523836,-3.533282662230451
-1.5180684289085575,-4.75128879119159,-3.009847582052708
-1.080243943272089,-5.112154153415424,-2.296093609218156
-1.1128411608924733,-5.022300495655979,-2.601179544221962
-0.850400486289123,-5.262620699888986,-2.077299851628851
-1.4463480401181033,-4.7653579951177,-3.0731047476656936
-1.8352340146479187,-4.562972830365451,-3.2345021157916594
-1.7878022455716924,-4.623358306028295,-3.0720131616006654
-1.735865228453727,-4.673035249401652,-2.9598670833038465
-2.1459291817148927,-4.308512416556786,-3.7345184925813655
-2.639209081686241,-4.01633030577999,-4.081113769069641
-2.9070776084015226,-3.7806302567329233,-4.577466420732433
-2.4079595162962315,-4.1642916114508495,-3.8746844887028824
-2.8920401631117647,-3.790954165605305,-4.561233194059169
-3.4181853021377857,-3.4651687611834507,-4.987466246703219
-2.8819306032270475,-3.8420612963770058,-4.373653937446897
-2.9866381660541634,-3.7398148742200026,-4.608127021363048
-2.7138694905069283,-3.9259529796563535,-4.318189058863039
-3.3188353992747777,-3.5510059659639404,-4.809700599019607
-3.720134453589121,-3.2841857964619856,-5.208149519836853
-2.8944924519166815,-3.873471053977586,-4.227078492561853
-2.452512271996557,-4.11492829684203,-3.997883154304283
-3.2625711928952135,-3.615848970145822,-4.644102259591355
-2.415922815301365,-4.228524669809624,-3.6044800902592287
-1.7596319094663027,-4.632494122959882,-3.0824204540499665
-2.427827211751539,-4.192706652522069,-3.727911498659157
-2.185761460522491,-4.353839572621242,-3.486822736977546
-2.702794492504309,-3.971163641313837,-4.1558047422374695
-1.7793129205768048,-4.563878381631726,-3.3240817341784203
-2.0578580207537165,-4.408817244733389,-3.480084448143581
-1.7259941379983448,-4.675043257090904,-2.968286869972476
-1.996871094535111,-4.438005000535426,-3.4649783019664415
-2.649566931626448,-4.078695882678331,-3.8143883782425947
-3.371427510647528,-3.4848624507750348,-4.986621140820646
-3.9438919204089014,-3.1909661537442666,-5.20809897934143
-3.9800153946272103,-3.191233786189788,-5.146822659195497
-3.3598893209702267,-3.5931540399611057,-4.572685100205198
-3.350569458599614,-3.575973723738767,-4.656939469045573
-2.639028464855291,-4.053630680369231,-3.9322132987642564
-2.063187249187992,-4.419997523995645,-3.4264812837041
-1.7601497453670905,-4.545785509022042,-3.42839184996668
-0.8824690613207025,-5.145790760261904,-2.491171985084543
-1.7497005363332752,-4.614903035838885,-3.1693370910890017
-2.439882267604228,-4.176967856980768,-3.77077492106988
-2.821489020827618,-3.8662881590554443,-4.377482457398857
-3.345522772690069,-3.5136517810563164,-4.9146383829579525
-3.557959212182916,-3.442283840545773,-4.846049412512047
-4.094747103280152,-3.0556977027377843,-5.497747478581941
-3.8625680731459098,-3.202707330073752,-5.296674019461808
-2.999690900327905,-3.810876025139721,-4.302127860561275
-3.242066193552196,-3.5699296651757475,-4.861954478376682
-2.709501184678138,-3.9064218930248336,-4.403593915103767
-3.5459169507897843,-3.427893014549525,-4.923683152152256
-3.7023531296042194,-3.2452686857293647,-5.393453502742172
-4.338282636023302,-2.9004937190306754,-5.712670858838461
-3.7494579667014554,-3.312000796617853,-5.048016997359494
-3.029714382276201,-3.815567212594023,-4.233323974163572
-3.4611393822576737,-3.4453995665976196,-4.994952891513395
-3.061377421636187,-3.683723387950594,-4.707927540470644
-3.4603419433147824,-3.482882727916882,-4.846349311141166
-2.723372140882879,-3.8954509090743628,-4.424359590564416
-2.3215930074678983,-4.298435651980104,-3.4820525079664186
-1.4017101108136663,-4.878454134451744,-2.6951167391702477
-2.2465723882025324,-4.33895793840099,-3.4449977277251493
-1.5632745329892943,-4.749743047884237,-2.9406870484808962
-2.1461374917121607,-4.331564084560956,-3.6419646372359074
-2.2883102824379113,-4.2761634683160805,-3.6266124510058226
-2.3689916012092187,-4.17476953948232,-3.8977193017220233
-2.6494046982657316,-3.960002230124264,-4.28943337739339
-1.9117206154024733,-4.539243731994549,-3.2019408413510133
-1.7242592761381912,-4.577836836380861,-3.3600039892462346
-2.0839643439976423,-4.381268940445646,-3.5467671265546783
-2.737231383870148,-4.015809646474592,-3.9198259026513824
-1.9030785439950157,-4.48517193138561,-3.432631496132531
-2.3653994760752215,-4.174555390695643,-3.9045627720920577
-2.8494233481737976,-3.894572444470295,-4.217788103495824
-2.7635560071525744,-3.9809192663671067,-4.015513050943948
-2.816071946106396,-3.867567881575764,-4.381392025186283
-3.830507324875539,-3.2888383174959848,-5.005584650223493
-4.24146230766368,-2.933104129354654,-5.743596431475252
-5.198175551816479,-2.341132660015499,-6.51696023524387
-4.572860348756839,-2.7088485396001962,-6.08828872200448
-5.278845753953962,-2.2363609792559824,-6.801596621386132
-5.0201314331329945,-2.471731932551857,-6.2913033429042455
-4.828665719599243,-2.516738232381733,-6.430387666140994
-4.7716340686834755,-2.5441523034590636,-6.415784133357951
-4.144155789261269,-3.016709170466546,-5.571353797698365
-3.834170586155842,-3.268943562103893,-5.079058236324692
-3.8543226655330787,-3.1443442242799704,-5.54386878865832
-4.701203321355249,-2.5823230988874473,-6.380485530524795
-4.577287554112679,-2.7094529111185564,-6.078492560337973
-3.9412807504201637,-3.180004436468968,-5.256297798423854
-3.0513732616287372,-3.758894265088489,-4.423917631931481
-2.3900975783655385,-4.2401500360549855,-3.601020686837491
-2.7775656899673122,-3.9694701990224135,-4.037959848964822
-2.4364991020372835,-4.126375603429011,-3.978782544555149
-2.1256907223713912,-4.425404940773781,-3.3006791612858883
-1.9877131839320032,-4.441052455779149,-3.4680516653300675
-2.9057189181357552,-3.844320805783048,-4.324968708308214
-2.388256358825682,-4.144084851707159,-3.9883501234618897
-3.224919671409151,-3.6304137879320884,-4.648595524256392
-4.030238481231337,-3.067751581994918,-5.557046331634764
-4.383419255725704,-2.899012889453452,-5.64336647764335
-4.431980847033832,-2.8558572403466496,-5.735053088557014
-5.235842832511447,-2.2728232271803126,-6.727419165426335
-5.923556081711527,-1.8283870980270054,-7.3589749333727665
-5.011799574598916,-2.4179660911319054,-6.5202531394741845
-5.138307224138585,-2.2871592108567596,-6.832634578008651
-5.006262523768351,-2.438579874189624,-6.447026425294248
-4.993510599657501,-2.459911021722616,-6.382955042013701
-5.07044817875281,-2.388356169175934,-6.540945153708248
-4.519289044373665,-2.7910729672372567,-5.84867651876153
-4.638978640221629,-2.729189025998267,-5.896729623970881
-5.290042670527317,-2.1979164748853615,-6.936713111246357
-4.546876848901704,-2.7812979334538377,-5.841796979681809
-4.57336364663801,-2.7179482882516286,-6.0510508975968005
-3.7822324085131465,-3.2499057344241167,-5.241773176448287
-3.989942585227133,-3.1645468268866783,-5.237025178741397
-3.1179738355232858,-3.7294386551249032,-4.43073911529491
-3.115863674073987,-3.7623282752691787,-4.30269757046664
-2.9103136952105473,-3.8740453709406824,-4.198412485886356
-3.3251487240801243,-3.6068939956409136,-4.575626272302802
-3.38421463260909,-3.5058887314022824,-4.881204148375718
-2.6152501349204456,-4.073610242589036,-3.8919255997764433
-2.8339654717944907,-3.8539593941073447,-4.406003432246467
-2.509326791407855,-4.050594781935712,-4.1605263482440575
-2.451473248061379,-4.146910258449439,-3.8716870144332782
-1.6874925624186863,-4.682013345030724,-3.0045758108459544
-2.0123558437888067,-4.424261037415698,-3.49414623902253
-1.3513025572811004,-4.867079138718352,-2.824629311324756
-0.7784880291347708,-5.3271420740461055,-1.9390684502576254
-0.6179781135930642,-5.361546613554751,-2.0689668181258876
-1.4100761751728204,-4.84407342583875,-2.8186961330236304
-2.026675855068046,-4.437715834053218,-3.4164603670070464
-2.7464857357570285,-3.928344147100451,-4.254263980336481
-2.928219242426458,-3.8408367837850523,-4.301404255815691
-2.687987529403805,-4.025009292452769,-3.9651004095159155
-2.7145744462788897,-3.9357689334733377,-4.277750317308498
-2.7072136826388586,-3.9062064442445563,-4.408268213623676
-3.384076227631072,-3.58962918960548,-4.546472990526289
-3.7091470376228393,-3.2819638635679884,-5.2353496113566464
-2.800120534708809,-3.878286920394212,-4.3651015555751345
-3.79345805225331,-3.289394326770335,-5.065109400829809
-4.285338671915998,-2.928268739150385,-5.689810718538462
-4.408455692464328,-2.8099155837386722,-5.958028305938099
-4.761691920376325,-2.66019475986093,-5.96818455492907
-3.764003391719563,-3.2511924835257213,-5.26700787469784
-4.114106861362602,-3.0211688884731775,-5.603596472169618
-4.074044821709446,-3.0093025034211216,-5.717832078466435
-4.544476514822754,-2.687442568056031,-6.221218998071286
-3.8706785675477837,-3.209751561677168,-5.254979602378353
-3.512432056977467,-3.465570467815673,-4.828781495441528
-3.3647269195874334,-3.4795713378354054,-5.018953244345989
-4.023616117833969,-3.085323259209971,-5.497796895103499
-3.3019159566000242,-3.55337655662862,-4.828417307485476
-3.235320108731684,-3.566906021138194,-4.885292529227746
-3.5289913511446085,-3.4102046234016017,-5.02264604948591
-3.2196968317090717,-3.6838313188849536,-4.443630133278399
-3.5026762198279466,-3.3931275543646424,-5.1348128778281845
-2.8306465275633106,-3.9347034540196737,-4.088558766315786
-1.956550481526261,-4.529130035826762,-3.167679182482515
-2.373155860440359,-4.1340415045166825,-4.05369100953267
-2.2183811318073925,-4.323281077182421,-3.55469059992466
-2.164366939117897,-4.357896051360871,-3.5062543576933494
-2.459804161054372,-4.08933274295461,-4.088112221424272
-2.524788391465409,-4.156857422932741,-3.709706450826688
-2.9591146406378432,-3.7836921114963724,-4.478490614618103
-3.926615470910803,-3.1797861878606275,-5.281612925372816
-3.7868393522059827,-3.316734335904277,-4.966780531039585
-4.403309461549222,-2.851440787961367,-5.8005045405724935
-4.8167375596222275,-2.575203421148466,-6.216407177702424
-5.290881151506157,-2.2333705091316367,-6.793499505963189
-4.608684070681267,-2.719938749609787,-5.98422167875874
-4.768494285042647,-2.662088785994844,-5.949271175949544
-4.9851627346771235,-2.4278377488639,-6.525161241749195
-4.806481840230333,-2.575927670902844,-6.230603044338066
-4.858544446813029,-2.552713688108155,-6.23668796454566
-3.9955854884636244,-3.138548690150758,-5.331612886957592
-4.585315308190597,-2.725931513077087,-5.999198562373988
-4.561431254406021,-2.6702891843363035,-6.261574633644749
-4.474403859848221,-2.8580148347007768,-5.655717689783191
-4.048621251409209,-3.073504452632909,-5.503396898786347
-3.7461014298832285,-3.215547554059956,-5.439424195621459
-4.5283759227523115,-2.820869855441067,-5.714344168648542
-5.2149218068564345,-2.2906493524412457,-6.69098304047429
-5.899594426931853,-1.8343895515216064,-7.374901210693818
-6.768942063838945,-1.3194619519684607,-7.985698880727917
-6.557113270005936,-1.4028426725060827,-8.005223988299107
-6.623319781383503,-1.3048593469310017,-8.286813104970152
-6.147599249195563,-1.6989354033434971,-7.5033764329667365
-6.695596789937513,-1.3634352369398393,-7.932047864011453
-6.727917610462325,-1.3130777896910293,-8.079609618798672
-6.419379234993754,-1.5643869155360313,-7.588603741199617
-7.0036119396468335,-1.1429499378701178,-8.30063047744147
-7.389786130878023,-0.8504572531117254,-8.826977564423059
-7.3654992668991754,-0.805686854516679,-9.046537265434656
-6.766409368431031,-1.3345481502922183,-7.929575246446073
-7.497708207873076,-0.792283373507411,-8.879802954515227
-7.9812685060887105,-0.40667242034773604,-9.616312936794536
-7.262674270603652,-0.9043386909408079,-8.823304913564016
-6.449708603648071,-1.4156907046251328,-8.132839637086015
-7.368762407425384,-0.8656592114231255,-8.801209270265188
-8.134297820497105,-0.31588269486878606,-9.724422981363013
-7.873313845701795,-0.5973986141864319,-9.033332595417946
-7.738568756757645,-0.5674525620228525,-9.377691952312512
-7.5166118653758724,-0.7059270227168422,-9.193722261839511
-7.150069865803631,-0.9572008062995864,-8.799530460128935
-7.632347260724607,-0.6359892119685483,-9.28058117925146
-7.936213395068924,-0.4883182085982739,-9.36482163549203
-7.500343139879942,-0.845994449956789,-8.66056709537294
-7.378461252303434,-0.8004935066174877,-9.045707348024322
-7.795053955812435,-0.6409118627410277,-8.989712751015164
-7.169809125850528,-1.022211031564734,-8.506590792323514
-7.046487556233351,-1.0583182910476978,-8.567697703753623
-6.868618002695456,-1.2375253379365738,-8.147318772094609
-6.875125276826474,-1.1867084007428683,-8.339741063984402
-7.575785309715244,-0.6614372204195673,-9.273059063796321
-8.528304651159996,-0.08802327252376103,-9.979182619638294
-7.732332909069724,-0.671728331616623,-8.970981953417299
-7.069302525861482,-1.0755626650126566,-8.460695258513569
-7.517903033511428,-0.7814451522692567,-8.889497796737258
-7.6726582934415175,-0.6759522041598065,-9.053544155958242
-7.840342866130738,-0.5113204933709125,-9.432596711298451
-7.645101763871387,-0.7061656184601177,-8.97861804804055
-7.177476141983225,-1.0116821245926044,-8.535928059990871
-8.022666340627937,-0.4488017076955421,-9.378799396504602
-7.582076431190719,-0.7557622537603528,-8.885273727974056
-8.32862123068806,-0.274532952533296,-9.565949600386713
-8.307956489197661,-0.2297500638148366,-9.779522391077881
-7.486693517795561,-0.8417092835690269,-8.700457131064622
-7.9665041687650575,-0.5238447541321124,-9.172230830529788
-7.970945067319354,-0.4268765186596878,-9.55270227482899
-7.231653485472103,-0.9516179790076492,-8.685889069849228
-7.886227121079849,-0.5531557516159072,-9.188781920069953
-7.167411212934236,-0.976990667772512,-8.69146876901956
-7.358478700872822,-0.8240934001609067,-8.984612026235002
-8.136582722769793,-0.35013330340533627,-9.58361237676233
-7.245120494398412,-0.8888515658771476,-8.914509707494055
-8.23402055903538,-0.29650704791164895,-9.6357210049611
-8.61252668158021,-0.023453666106095963,-10.097090994608598
-8.421899747522595,-0.22174164949139516,-9.621650617830094
-7.743764215572652,-0.6645027777155311,-8.980831991516787
-7.384525235788112,-0.8296464057465556,-8.918989112366923
-7.483071094939691,-0.8495127087875987,-8.675280801616784
-7.663162256532606,-0.7245727162270359,-8.874888835870845
-8.45539082112019,-0.17003117870533782,-9.772674044978332
-7.915194903847056,-0.4951499396891012,-9.372525529831833
-8.531965261492147,-0.03331943422116466,-10.19189695562843
-7.862531351149056,-0.4943302429155593,-9.463576904756
-8.398338261544449,-0.14614990669013914,-9.963286732332026
-7.8957867612093455,-0.5641566867870081,-9.128845445836388
-8.0545266991941,-0.38707122917678577,-9.572620712969357
-7.653266136882141,-0.7075823810500602,-8.959343709329522
-8.057491140706968,-0.3603992828876157,-9.674367762271256
-8.207054874340626,-0.36023069105540034,-9.425769240210686
-8.60538574588148,-0.09057658742438805,-9.840500868833315
-7.752916885199571,-0.5572365047018522,-9.394642634193303
-7.95985902632324,-0.45815269732987046,-9.446074295141782
-8.49672225333223,-0.17792901960310253,-9.67219696103387
-8.249648377067189,-0.22701931769601205,-9.887625562437302
-8.472165496037212,-0.09240988361577451,-10.055201433808215
-8.052077564035082,-0.44774711403591,-9.333999065464555
-8.300443560268336,-0.21035802730264538,-9.86961208534219
-8.504829659567712,-0.11257004588304304,-9.920120512188305
-8.454570398069713,-0.15791754621767806,-9.822495946679764
-8.060630878932951,-0.33826069911732554,-9.75768920030911
-7.754347561455909,-0.6746558522263453,-8.922580783668103
-8.485965991405992,-0.06624539895747542,-10.136858546826776
-7.738856717933435,-0.5646474375371087,-9.388432514962505
-7.083991373940243,-1.0609644403221585,-8.494606743810959
-7.666337800860875,-0.6417821410405915,-9.200758562736173
-7.881086440645529,-0.48190235679204424,-9.482363300089272
-7.266179316932713,-0.9352841195528424,-8.693681455234104
-6.821012542498627,-1.2186419457242987,-8.302194774605091
-5.952088773099922,-1.7812629487129488,-7.499917044981666
-5.819786337660726,-1.9144266747977599,-7.187766199707748
-6.467125798645075,-1.4706343930491252,-7.884036225061704
-6.302651798461334,-1.6156641150653273,-7.578040670636466
-6.5424337968443105,-1.3853725402931565,-8.09957030575352
-7.075084503353572,-1.0915163513348025,-8.387243884071502
-7.628037339120354,-0.6938328419837989,-9.056389861864213
-8.221718157874896,-0.31910148177909525,-9.565847271425456
-8.122593379615427,-0.3500676897486121,-9.60719040331317
-8.002956761260421,-0.4910381917621576,-9.242702759184
-8.230483574114594,-0.3568230359417582,-9.400352027708642
-7.273421139200263,-0.9174651655231904,-8.752887567573465
-6.3948749792273,-1.4588397852573853,-8.051632688591623
-6.468566076206332,-1.4591173020405441,-7.927704126493936
-6.1724518250854485,-1.7296377254862692,-7.339146184579172
-5.775816542865608,-1.9029304554732058,-7.307034068331161
-5.569535369668175,-2.067053081992777,-6.994345517581932
-6.090565842868824,-1.6913579882932857,-7.628741770378814
-6.21225458832372,-1.6129744005704294,-7.739461545512081
-7.190934381839096,-1.0273747630595205,-8.450727106363422
-7.541164842570377,-0.7133153610847459,-9.123247279710387
-7.787378041708042,-0.6208637635451002,-9.08269833797286
-7.5979162928679385,-0.6530114666158492,-9.269877107090037
-7.4760312351581,-0.7588613082581733,-9.049619503370472
-7.604912108195017,-0.6772449334327534,-9.161283547610623
-7.302094285641487,-0.8855798459339908,-8.832640268528223
-7.380163695863907,-0.812685568367797,-8.994101695088965
-7.37546649911099,-0.890510456411465,-8.690630804169157
-7.957085432190682,-0.4571037726427576,-9.45489265077783
-7.202032543558357,-0.9773033636356772,-8.632515767860028
-7.954478709861608,-0.4760197740793747,-9.383573182246487
-8.401207178725477,-0.21831886007794812,-9.669829390145747
-7.4194618591939,-0.7739293979230065,-9.083629437984804
-8.144395054545354,-0.4081795831447871,-9.338406704845259
-7.568998933344928,-0.7350376968225755,-8.98996778546815
-7.054109051723849,-1.0981703905796667,-8.395586813141584
-6.139886437665742,-1.6415704011615233,-7.745691127577668
-6.598967469572397,-1.328197297075952,-8.234048490742195
-7.485305314507882,-0.8419935610567173,-8.701633693259991
-7.030824669512357,-1.1100051057787843,-8.387055256030932
-7.465842015566752,-0.8313969964226745,-8.776458783364715
-7.957544180926006,-0.42791319558492585,-9.570890377783616
-8.058558730726983,-0.3855907205425643,-9.571822694951438
-7.320299747419276,-0.9120883863670846,-8.696263670499533
-6.500602812698552,-1.3840294674737477,-8.174660903940755
-6.632083842362321,-1.3957473091996304,-7.908654487597607
-6.258431663429571,-1.6619549485329839,-7.466577561818779
-5.897837622150504,-1.9134580183614995,-7.06155535130316
-6.227559168602882,-1.6132118631349068,-7.7130040614555675
-5.598453611611652,-2.050501912962835,-7.012353123795903
-5.1183024902472,-2.3515678599218304,-6.608341204900676
-4.445492514028269,-2.8822699700474668,-5.606882724763017
-5.302331955397148,-2.281365954167583,-6.582433052667753
-5.237775180508524,-2.31834572108548,-6.542108609810537
-4.738589137801269,-2.593085296608924,-6.275127045562186
-4.763459623745354,-2.6684943003069352,-5.932040220863332
-5.2896202713958544,-2.3155791223733226,-6.466766519846953
-5.186791115834438,-2.2905979002404253,-6.738073334314235
-5.038125218686837,-2.4351192008880433,-6.407764626969763
-5.726199520424567,-1.9964659158961549,-7.015587264041101
-5.5792995481688195,-2.0979168042744614,-6.854616997620787
-5.741260999135765,-1.9400008294436408,-7.216345145332492
-6.603328641474298,-1.4171803430112888,-7.870847687164346
-7.281534556669656,-0.9555172990471325,-8.58715667102871
-7.312032832662097,-0.8926130180416707,-8.787943335063156
-7.558502942795107,-0.7675848071768605,-8.877272661634043
-8.33287293865043,-0.2677481669457481,-9.586002562799623
-8.395173187266197,-0.1614724851172472,-9.90727154242068
-8.492785657552199,-0.1557824666349056,-9.767344165873379
-7.651550518614161,-0.6452485962060376,-9.211538212485578
-8.128494709634165,-0.29914198524646335,-9.801057671290538
-7.482722787213647,-0.7787640170332123,-8.95885608151107
-7.348070652291896,-0.8514811277750907,-8.892407863413142
-7.336226674265343,-0.8918221302936028,-8.750783816716682
-7.591518927512962,-0.7571797301491883,-8.863866328548308
-7.310628988722067,-0.9219662669963696,-8.67287007914441
-6.468269390684914,-1.4321621572630168,-8.036019181473076
-7.076427686473969,-1.0306294118255157,-8.628553003574654
-7.873929657326708,-0.5114858177573994,-9.375957428425886
-8.62172164292003,-0.04728532811022894,-9.986439411025701
-8.343187104482206,-0.18693323139327264,-9.892072028623232
-8.171834704803196,-0.2678697036566503,-9.853913472368072
-7.387752444606422,-0.8765248998564054,-8.726096454563676
-7.088138422189649,-1.1078995599212782,-8.299954518332136
-7.243037400960401,-0.8977627312838762,-8.882336868263828
-7.365159398177969,-0.8694691713232052,-8.791974446077228
-7.169884956842843,-0.9350101418418739,-8.855267966227766
-7.460169423369396,-0.7458591043833619,-9.128064671850892
-8.442053796921682,-0.15046474412524014,-9.8731681569629
-7.62083331574374,-0.7275900926448877,-8.933367564847549
-8.076343414447665,-0.36609321836441394,-9.620171564129567
-7.857295832879375,-0.48904494247190855,-9.493443970313406
-7.530217198663256,-0.7862563077071083,-8.849729566399471
-7.995904094895176,-0.4546008380725895,-9.400206617884347
-7.134044398742174,-0.9752841808085616,-8.753906073862131
-6.857615439405583,-1.1844684259290477,-8.377884025607836
-7.417021314433665,-0.8986099857279248,-8.588974661365523
-7.615089088757626,-0.7118817680572753,-9.005774574841519
-6.9437542427773105,-1.1824532828148282,-8.242379925778502
-7.8216662050037895,-0.6116640580680753,-9.062350221054714
-8.175199055369308,-0.3097280725998371,-9.6808727456518
-8.5165711446304,-0.11533597656252711,-9.88948764769922
-8.244937963106967,-0.23996446862989482,-9.843695648635475
-8.102750149704228,-0.40155280147701455,-9.43432200625156
-7.771375030556933,-0.6608750972705061,-8.949324688323085
-7.258684246161432,-0.9861771843583527,-8.502600980630866
-6.520306118014636,-1.4086673729957773,-8.043270439659162
-6.285542518883704,-1.5323569927181542,-7.939784625987874
-6.126460800790082,-1.7615072717803295,-7.288319706561878
-6.351767970881542,-1.5256578704448327,-7.856205361751431
-6.638696608428315,-1.2973195917552145,-8.291344080598616
-5.963026847263016,-1.779876069893137,-7.487234436655758
-5.341962355637617,-2.2330748433010617,-6.709546829066392
-6.236740436227396,-1.6430931172210812,-7.578176932403347
-5.379048406729529,-2.1380133901018095,-7.02798255671021
-6.26268625401906,-1.6054277589510015,-7.6855953358308895
-6.928805846600301,-1.1350017019435186,-8.457100242892087
-6.788969741251658,-1.2760626890451503,-8.125916470066633
-6.721757426489562,-1.2694172821789431,-8.264518622134954
-7.363246296388538,-0.8893519206365822,-8.715631951806104
-7.352188092512045,-0.8557586696276872,-8.868435295635841
-7.371708190135293,-0.8870918149904136,-8.71056921814619
-7.567273441752866,-0.7287086382579212,-9.018159839046868
-8.327040112738151,-0.2876345406652444,-9.516178444442101
-7.339655645151195,-0.8463133097777634,-8.927104147303618
-8.29040361427818,-0.2986388060713522,-9.533222213584292
-7.848314816506827,-0.5511223231624722,-9.260102808172064
-8.58695952962849,-0.039106960657745674,-10.077089736321533
-7.8995637780945245,-0.48684827703453754,-9.43178405670431
-7.150507261230798,-1.041353883817939,-8.462189157676912
-6.368620769618186,-1.5433274992475463,-7.757438848646172
-6.813982559365998,-1.2154254199766314,-8.326777516150141
-6.345824976771079,-1.5387338349787825,-7.813806493799738
-5.9419508594679185,-1.8765264118517582,-7.135759715146433
-5.508134516040069,-2.1658004163515034,-6.701690936193868
-5.79316090293921,-1.9493542308175904,-7.092431700164288
-5.9646881251187756,-1.8333395893985909,-7.270611562207675
-5.2459278463282955,-2.3377478692205282,-6.450912240904061
-4.415023989625798,-2.8386545212112395,-5.832125394112045
-3.5567232199963903,-3.4265669748376384,-4.910976862322128
-3.6681594944408054,-3.3568277457969042,-5.004206654411039
-4.316927088646983,-2.8994308918330685,-5.752514746589422
-5.236579922088336,-2.3534078074398597,-6.4038523617599985
-4.7184310207308515,-2.6302113608261792,-6.160219650477194
-4.513995625696293,-2.7600132004116755,-5.981737950526139
-4.307295055503921,-2.9068937144187053,-5.738716844818642
-4.182040427025393,-3.012809728099036,-5.523810504228198
-3.7526466746612384,-3.313456854945607,-5.0368782507821726
-3.2181539350982926,-3.6452977558655846,-4.600335879707171
-2.8629012191637266,-3.8307065548331085,-4.45078854372802
-2.530416183056618,-4.096434126639519,-3.94201998334756
-3.1759641895875057,-3.6674329474908585,-4.582111355724056
-3.95159074868751,-3.1265845688560505,-5.452793938429948
-3.7629898063046943,-3.3338501902537945,-4.93806635681033
-3.414936379702082,-3.4961010999176594,-4.869151762492557
-2.7956478582844553,-3.9676723650938728,-4.015014237483748
-1.8672930079059142,-4.529500385628265,-3.3149602393104134
-2.4680509467292606,-4.1176407822629715,-3.9611354213993444
-2.0690348668032805,-4.367620825977305,-3.626242046418646
-2.2171138287909784,-4.268731306035651,-3.775001856205765
-2.3933625376977257,-4.202171694417411,-3.7474924545008115
-2.270660143388516,-4.215964027845346,-3.8968271113044204
-2.2031923436839995,-4.306678770932486,-3.6464144717967217
-1.3763873158777047,-4.8138355013466985,-2.99579592981703
-0.6432499536235536,-5.284958125907456,-2.3332010353309194
-0.3101703537591432,-5.580122677787101,-1.7076754942530206
-0.9361972583103076,-5.201183879461245,-2.180052513304506
-0.30295053437224306,-5.614890427514337,-1.580637527655581
-0.9759554203730318,-5.071906157646187,-2.630899797126863
-1.316871423070919,-4.863333830888365,-2.8969957663283403
-1.5324790975217544,-4.716362675067376,-3.1255342655275706
-2.305834237316715,-4.178079591009557,-3.9897413687672465
-3.11598617581951,-3.7190587008118245,-4.4755716987201835
-2.3578075243134022,-4.201692183874707,-3.8086688523121675
-1.869759003938398,-4.5884162799860935,-3.0751866684916283
-2.2702099601434806,-4.255521093779694,-3.7393491529754197
-2.2692794145769426,-4.274190826063542,-3.6662211331175927
-2.7779442098277918,-3.975108672071135,-4.0147750903358075
-3.3355007477607135,-3.5930159498799266,-4.613885082545772
-3.9618090236512997,-3.141356818046476,-5.376674483395262
-4.505362541323703,-2.7803406313817653,-5.9148167006001
-5.022587484244499,-2.3849669017221258,-6.634270047703996
-5.2863980606659124,-2.2115900803048194,-6.888093039337534
-5.8760898868132365,-1.8222865497246132,-7.4624874514128186
-5.761593925803015,-1.8858740847274595,-7.398963913085133
-5.7910223093350295,-1.903093331826687,-7.281039618801535
-5.965986539721789,-1.8265114664861466,-7.295760029519095
-5.168081724786939,-2.2885147649290745,-6.777588193972135
-4.58101114942834,-2.7293630426758977,-5.992646041915839
-4.455312995048221,-2.8526146587644,-5.709136501528697
-4.791856666952487,-2.5553547239678167,-6.337270120874585
-3.9281847551407076,-3.155213211936735,-5.377289355351878
-3.742655403568342,-3.27970009800843,-5.188557397019042
-3.4222909209543424,-3.545465782475756,-4.659435463506403
-3.981646424353409,-3.143303079510695,-5.33582710303487
-2.9970636088486433,-3.727265460745477,-4.640948937270353
-3.193683950795009,-3.688806831315938,-4.467082885077898
-3.5425004746220896,-3.4338369325609945,-4.905601607052538
-4.492829971446158,-2.8380605859693135,-5.704824498712481
-5.041537639017154,-2.42269461554624,-6.451775601119781
-4.482279445337986,-2.8504895913218737,-5.6726926874825265
-3.540962730175461,-3.39866124327515,-5.048867271606963
-3.9042133018554583,-3.184427913954275,-5.300382969423803
-3.976590672506055,-3.0756257804008316,-5.614962552553249
-4.8183091957723265,-2.5331594827407984,-6.381963537749595
-4.645197042830651,-2.696728583527572,-6.016207389505294
-4.060771573554382,-3.017751577423896,-5.706157862713777
-3.8936866431021824,-3.171935845393613,-5.367895674921909
-3.270836550029525,-3.5480261176729284,-4.9016180742590745
-2.530128294872106,-4.1343536546141175,-3.7908216850900187
-2.2557481418747978,-4.269182493049483,-3.7088065863440707
-1.8648261794514378,-4.510769890941849,-3.393993598813541
-2.6188687964120847,-4.032157945169748,-4.0517036869675325
-1.7064856824609396,-4.5860722220777195,-3.3566851025875533
-1.7448245137500777,-4.667676604389791,-2.966369521190704
-1.8878201615790147,-4.476368124124261,-3.4932773625379303
-2.6265002276465843,-4.050324047661005,-3.9663202249450036
-2.265382716191073,-4.239833595577507,-3.810144552371516
-2.613386550338351,-4.070483624068303,-3.9075380481628668
-3.173011029266976,-3.7064325684795585,-4.431034805636804
-2.2609898466780693,-4.276775151484631,-3.669699777931358
-2.7770508441262978,-3.900087923147828,-4.316347028864856
-2.1161625371105393,-4.346670141923782,-3.6314986654539716
-2.0979254491741774,-4.32150565877053,-3.7625517446275825
-1.6767510956662128,-4.718950001940488,-2.8747316277943566
-1.9249239679713028,-4.440696062848508,-3.574125930320463
-1.7014598692774556,-4.629131412895798,-3.1928246946210486
-0.8223749735162673,-5.239531631892619,-2.216365311569079
-0.1315986563438711,-5.70471121777111,-1.506940830009106
-0.21857442490436,-5.613957256765898,-1.724997059762471
-0.38652018589180526,-5.558370515864725,-1.667434421721423
-1.055430732410575,-5.023138078324559,-2.693513261017471
-0.4392798348640622,-5.529478614018757,-1.695069280818199
-0.8896983322336444,-5.192720843003306,-2.2914028692640334
-0.5588375132373467,-5.4680840210147235,-1.7413848555455271
-1.248363142396125,-4.907955288541938,-2.83269040350537
-0.44119523798567106,-5.433307596420774,-2.076561012674116
-0.7850867826450897,-5.200146496150935,-2.4360528393211114
-1.1533313382688903,-4.954403380750353,-2.805284374883769
-1.8376555800962449,-4.487996414980488,-3.5303718349176405
-1.9576141486823464,-4.407181085139625,-3.6537022066375906
-3.0056112045223653,-3.821578153373901,-4.24945217396712
-3.3938980236176683,-3.5240933604218965,-4.792246647282964
-3.620406714116835,-3.3597268956806845,-5.072198022082535
-2.64664659731588,-3.9676045633469186,-4.263620879419189
-1.9828719173443645,-4.469495666855753,-3.3623475986697122
-1.1259771979188185,-5.049047671765147,-2.472297444741378
-0.6918199006499336,-5.334135965929965,-2.055539763530247
-0.9815554419017066,-5.155318209182382,-2.287918221767625
-0.4847667913397614,-5.387834292551981,-2.1858349725591406
-1.0049904542768688,-5.117770862739328,-2.3990492535812376
-1.1966459344518694,-4.94150161392538,-2.7847004485453635
-0.9674588164777285,-5.111763669620356,-2.4856307557223563
-0.4419111115044118,-5.465556750103787,-1.9463712754108295
-0.30019746360772703,-5.571652740017148,-1.758176728918529
-0.773618032157408,-5.20439037541858,-2.4381919063966655
-0.7760375358552102,-5.203479575779911,-2.4378025987883394
-0.7075354283006103,-5.29591410720033,-2.1822346523643286
-0.4818834206009188,-5.436742259676115,-1.9950087219606714
-1.4667260609564396,-4.849602649106978,-2.7021627636446865
-2.051962164271399,-4.424579190230181,-3.4268630936269426
-2.264780074264802,-4.29309980502795,-3.5980841177801945
-1.3505631738984738,-4.855220473602923,-2.8732962774241835
-1.5903967828603682,-4.739152749242734,-2.9378444932617795
-2.4117002462544654,-4.129860593863987,-4.00617400911994
-2.509086851126401,-4.102638284814656,-3.9527522371973727
-2.508717313124286,-4.076542800068662,-4.057750072851542
-2.1467128039905408,-4.299821784417312,-3.7679749840131818
-2.9793858740931634,-3.7488344600686183,-4.584135831236917
-3.875118841027132,-3.2064789354583962,-5.260669651454526
-4.690786032899313,-2.6661893917780275,-6.062382506389034
-4.228626111604963,-3.006421151859652,-5.471722001553119
-3.9763934129777354,-3.0899564756403146,-5.557968537475846
-3.3181604004224114,-3.514252570973301,-4.957839177069443
-3.5768733309498564,-3.3882853231107166,-5.030519950974038
-2.931072404177947,-3.820704563263373,-4.377177868316596
-2.0505235344303614,-4.42412050030662,-3.431095569722913
-1.5011306084806488,-4.8422821635068125,-2.6741037935050023
-1.4820739598866333,-4.836505036379304,-2.7289733830050604
-1.306418267747665,-4.935321745736263,-2.6264660324755043
-0.43728595961461747,-5.469072468917873,-1.9400169866374752
-1.4795980512593718,-4.859097992705164,-2.642728072080392
-1.8671691345583719,-4.490358826213648,-3.471732932548118
-2.242962404293289,-4.3025497861818405,-3.596646976450487
-2.2672470932438853,-4.210558732633063,-3.9241367090612678
-2.4073220417116836,-4.153649659826314,-3.9183147528419373
-3.1436434861142666,-3.7462987838356074,-4.320515849467125
-2.598672634198121,-4.081631161847819,-3.887471090611851
-1.9751563007647457,-4.4082659856155155,-3.6201256845966943
-1.7981244593896903,-4.609902544912466,-3.108632516367317
-1.159823779927085,-5.050032593065702,-2.4119467895253823
-1.0537380026950964,-5.024493367237141,-2.6909133215596057
-2.0051222622797176,-4.432925150275044,-3.4715457567669583
-2.8044743648009494,-3.9600219918860082,-4.030904886121052
-2.5536367095990093,-4.012545051127419,-4.238875407825307
-2.1810500561215904,-4.306758200414742,-3.6830005664717134
-1.9197105573912545,-4.447795168683854,-3.554418524612493
-2.632317731074815,-4.033638466808298,-4.023366709308783
-2.609365397057728,-3.977900237344264,-4.2845735171933965
-2.3839369093318172,-4.1366156005082155,-4.025426210747441
-2.0406467531005936,-4.452592118500289,-3.3336703991645207
-1.9077912456972057,-4.457387571158405,-3.53591443420437
-1.3025105617070187,-4.953341542340059,-2.560899689461396
-0.7000865122007726,-5.287107723853406,-2.2298750459184173
-1.2098793003766661,-4.993452425279627,-2.5548415932537134
-1.350076612596469,-4.898507884537339,-2.7009575691898604
-0.5987943900799123,-5.3767887851492375,-2.0399710042698582
-0.5444797025409263,-5.379040280125911,-2.121489503594814
-0.18104945984359191,-5.665170032978464,-1.5826875633468234
-0.1526842998780586,-5.668839928365249,-1.6152832484089046
-0.4111780279443886,-5.572585079370948,-1.569479764275557
-0.5003354946710638,-5.458827932122082,-1.8759125753932322
-0.4475131747882695,-5.438051105702399,-2.04705708087662
-1.2736064866451162,-4.872362386779157,-2.9329897701415115
-1.7036162913684778,-4.579841313978348,-3.386391053472474
-2.62905409940061,-3.99393453803237,-4.187621810536168
-2.037572683575736,-4.4015755824769105,-3.542859992466129
-2.4289372852157474,-4.204167828628619,-3.680216671792609
-2.437006359752029,-4.205338727675799,-3.6620846180434206
-1.6721815966316422,-4.706759797771922,-2.9311082761929046
-2.4435831590784374,-4.166156333962199,-3.8078528606871376
-1.6548419443441174,-4.608065829835468,-3.354783568417933
-1.30465624548678,-4.950949701504646,-2.566890913170115
-0.9643421217673687,-5.069640504341173,-2.6593179080230263
-1.8906232828566953,-4.570786235613363,-3.1109330477853883
-1.5420412256143452,-4.714606507016703,-3.116622057575945
-1.56821702689411,-4.684116159051551,-3.194957113970278
-1.9655010802639348,-4.418114511267801,-3.5968236161555707
-2.722177694271599,-3.9138833659351904,-4.3526205074732385
-2.2245834372444486,-4.30279798231323,-3.626285803673
-1.5535402337795021,-4.724591845207643,-3.05751569120359
-2.3790424434436384,-4.157340300847983,-3.950684852535338
-2.826075369311962,-3.9202045536464305,-4.1541729648943395
-1.9822771777730308,-4.4525656770462305,-3.431058790526691
-1.8487052698810278,-4.490719493114616,-3.5010633727398215
-2.3243863068239614,-4.20496093605417,-3.851295872743384
